TAG,RECORD,SUMLEV,NAME,POPULATION,P0010001,P0010002,P0010003,P0010004,P0010005,P0010006,P0010007,P0010008,P0010009,P0010010,P0010011,P0010012,P0010013,P0010014,P0010015,P0010016,P0010017,P0010018,P0010019,P0010020,P0010021,P0010022,P0010023,P0010024,P0010025,P0010026,P0010027,P0010028,P0010029,P0010030,P0010031,P0010032,P0010033,P0010034,P0010035,P0010036,P0010037,P0010038,P0010039,P0010040,P0010041,P0010042,P0010043,P0010044,P0010045,P0010046,P0010047,P0010048,P0010049,P0010050,P0010051,P0010052,P0010053,P0010054,P0010055,P0010056,P0010057,P0010058,P0010059,P0010060,P0010061,P0010062,P0010063,P0010064,P0010065,P0010066,P0010067,P0010068,P0010069,P0010070,P0010071,P0020001,P0020002,P0020003,P0020004,P0020005,P0020006,P0020007,P0020008,P0020009,P0020010,P0020011,P0020012,P0020013,P0020014,P0020015,P0020016,P0020017,P0020018,P0020019,P0020020,P0020021,P0020022,P0020023,P0020024,P0020025,P0020026,P0020027,P0020028,P0020029,P0020030,P0020031,P0020032,P0020033,P0020034,P0020035,P0020036,P0020037,P0020038,P0020039,P0020040,P0020041,P0020042,P0020043,P0020044,P0020045,P0020046,P0020047,P0020048,P0020049,P0020050,P0020051,P0020052,P0020053,P0020054,P0020055,P0020056,P0020057,P0020058,P0020059,P0020060,P0020061,P0020062,P0020063,P0020064,P0020065,P0020066,P0020067,P0020068,P0020069,P0020070,P0020071,P0020072,P0020073
US,0000001,010,United States,331449281,331449281,297600338,204277273,41104200,3727135,19886049,689966,27915715,33848943,31890339,3070341,3968096,2691465,222433,19315952,392853,243711,45622,1036954,51011,11811,381361,219347,187918,51464,1737832,384010,121221,16985,270044,93952,15677,402197,206093,126314,14222,12538,3083,27485,11674,13615,3234,4008,4058,1205,6217,196582,33171,5499,88964,9580,12907,1619,17723,11793,1385,8846,1586,1374,361,1221,553,21685,8632,9141,1137,1021,1309,445,2505,2505,331449281,62080044,269369237,255820254,191697647,39940338,2251699,19618719,622018,1689833,13548983,12637189,2781839,3539935,2521775,198640,2284608,344276,224198,40790,354439,37784,8067,14766,197918,76457,11697,830158,303459,104194,14293,65741,72235,12094,17723,175677,19468,2224,9824,2438,7495,9342,7177,1365,2373,773,180,2083,71529,24056,3933,13875,7242,4627,587,11703,1020,194,1617,1046,618,177,684,150,9103,5247,2604,348,433,244,227,1004,1004
US,0000002,020,Northeast,57609148,57609148,52940664,37111396,6628896,292587,4177286,24136,4706363,4668484,4376995,505241,392524,393112,13143,2353437,72330,41424,6788,450223,9934,1134,62995,12303,45291,17116,249773,65488,16227,1530,78284,6765,865,36607,6893,15559,1426,2158,410,8832,977,4441,964,243,876,335,893,37943,4929,736,25352,622,2958,308,399,1009,129,555,173,335,55,259,124,3347,1211,1684,198,76,103,75,426,426,57609148,8794868,48814280,46696894,35752998,6207939,112024,4143379,15069,465485,2117386,1999460,433712,360423,378615,12015,498291,59306,37910,6039,156056,8765,594,4553,11439,28497,3245,106808,45470,13558,1261,18611,5667,680,2135,6335,3905,296,1624,308,2018,782,2783,367,168,396,56,388,9613,3518,493,2678,449,1222,122,273,146,26,227,114,163,22,118,42,1332,761,424,37,42,32,36,173,173
US,0000003,020,Midwest,68985454,68985454,64276073,51353019,7228615,559397,2405457,42741,2686844,4709381,4453530,744739,912159,408308,23331,2098880,67310,26592,4082,82819,5649,992,43188,15637,15599,4245,231264,82328,16775,2457,32583,12583,1729,51043,10916,11081,1252,1659,429,3161,1017,908,290,220,308,103,422,21417,5000,920,10327,771,1079,169,892,1043,114,462,185,172,59,140,84,2798,1298,1049,150,149,58,94,372,372,68985454,5978786,63006668,60242955,50082552,7111553,382776,2385691,38022,242361,2763713,2621455,698507,851072,393615,21791,500506,61045,25177,3709,35817,4670,681,1646,14839,7656,724,131413,70371,15157,2135,10466,10703,1423,3293,9992,2816,312,1415,347,1039,833,521,111,139,71,21,248,9292,3847,690,2240,619,427,71,684,154,15,186,127,99,36,71,26,1362,817,364,54,65,20,42,191,191
US,0000004,020,South,126266107,126266107,112400612,73886732,23582989,1145140,4818076,115582,8852093,13865495,13247383,1249624,1645459,735312,44834,8693693,182262,94748,17160,367336,11851,2530,115879,29225,45153,12317,547813,150413,43381,5008,101052,27867,3645,125758,22281,37200,3576,4275,1035,9977,3979,4550,1066,559,801,282,1108,62776,11568,1642,33387,2142,4684,486,2278,3229,362,1330,494,426,93,526,129,6764,2498,3224,373,281,214,174,759,759,126266107,23696746,102569361,97693658,68393435,23153574,722756,4757911,100255,565727,4875703,4585408,1152171,1517583,694500,40481,724246,166672,88432,15689,120561,9324,1725,4584,26749,20469,2222,264372,124163,38063,4333,23585,23146,3056,6974,19699,6169,675,3505,858,2928,3181,2479,520,383,146,36,473,22436,8801,1231,5422,1718,1675,185,1711,326,70,323,334,190,47,363,40,3131,1649,1060,117,134,65,106,356,356
US,0000005,020,West,78588572,78588572,67982989,41926126,3663700,1730011,8485230,507507,11670415,10605583,9812431,570737,1017954,1154733,141125,6169942,70951,80947,17592,136576,23577,7155,159299,162182,81875,17786,708982,85781,44838,7990,58125,46737,9438,188789,166003,62474,7968,4446,1209,5515,5701,3716,914,2986,2073,485,3794,74446,11674,2201,19898,6045,4186,656,14154,6512,780,6499,734,441,154,296,216,8776,3625,3184,416,515,934,102,948,948,78588572,23609644,54978928,51186747,37468662,3467272,1034143,8331738,468672,416260,3792181,3430866,497449,810857,1055045,124353,561565,57253,72679,15353,42005,15025,5067,3983,144891,19835,5506,327565,63455,37416,6564,13079,32719,6935,5321,139651,6578,941,3280,925,1510,4546,1394,367,1683,160,67,974,30188,7890,1519,3535,4456,1303,209,9035,394,83,881,471,166,72,132,42,3278,2020,756,140,192,127,43,284,284
US,0000006,030,New England,15116205,15116205,13893162,11105080,999785,60659,783568,5512,938558,1223043,1149081,122049,130489,109380,4153,616069,13874,6182,1321,121871,1276,263,9922,2200,6090,3942,64517,15187,3811,359,23464,2112,282,8631,2163,3497,467,397,96,2382,217,801,251,46,115,78,161,8625,976,152,5960,173,580,99,122,216,39,132,37,44,13,75,7,743,304,306,55,18,45,15,77,77,15116205,1794646,13321559,12665776,10784293,925797,30882,777455,3866,143483,655783,619101,106425,122477,106141,3881,192109,11341,5631,1157,61861,1076,130,1184,2016,3053,619,33415,11155,3328,289,10138,1856,223,948,2037,1077,123,307,61,889,170,540,130,29,47,10,58,2867,710,94,1251,129,321,57,76,36,17,74,24,33,6,37,2,351,203,101,20,9,12,6,49,49
US,0000007,030,Middle Atlantic,42492943,42492943,39047502,26006316,5629111,231928,3393718,18624,3767805,3445441,3227914,383192,262035,283732,8990,1737368,58456,35242,5467,328352,8658,871,53073,10103,39201,13174,185256,50301,12416,1171,54820,4653,583,27976,4730,12062,959,1761,314,6450,760,3640,713,197,761,257,732,29318,3953,584,19392,449,2378,209,277,793,90,423,136,291,42,184,117,2604,907,1378,143,58,58,60,349,349,42492943,7000222,35492721,34031118,24968705,5282142,81142,3365924,11203,322002,1461603,1380359,327287,237946,272474,8134,306182,47965,32279,4882,94195,7689,464,3369,9423,25444,2626,73393,34315,10230,972,8473,3811,457,1187,4298,2828,173,1317,247,1129,612,2243,237,139,349,46,330,6746,2808,399,1427,320,901,65,197,110,9,153,90,130,16,81,40,981,558,323,17,33,20,30,124,124
US,0000008,030,East North Central,47368533,47368533,44110602,34373229,5688400,274993,1731348,17922,2024710,3257931,3081511,519745,565815,274364,13678,1513528,46361,18596,2673,64908,3651,529,33637,9574,11280,3172,158958,55351,10920,1471,24098,7583,984,37135,6600,8084,780,1152,260,2340,664,670,204,107,216,78,261,15337,3489,621,7881,465,731,95,492,716,75,338,130,122,41,97,44,1882,897,717,106,81,23,58,243,243,47368533,4424621,42943912,41119085,33477559,5595258,144238,1717090,14708,170232,1824827,1730784,486322,526501,264358,12717,332514,41994,17564,2431,27300,3004,320,1045,9085,5268,361,86688,47206,9813,1290,7557,6445,798,2057,6032,2094,191,966,222,740,547,398,75,69,53,12,123,6311,2680,457,1610,378,253,51,355,113,7,164,88,62,26,50,17,914,553,241,43,36,11,30,130,130
US,0000009,030,West North Central,21616921,21616921,20165471,16979790,1540215,284404,674109,24819,662134,1451450,1372019,224994,346344,133944,9653,585352,20949,7996,1409,17911,1998,463,9551,6063,4319,1073,72306,26977,5855,986,8485,5000,745,13908,4316,2997,472,507,169,821,353,238,86,113,92,25,161,6080,1511,299,2446,306,348,74,400,327,39,124,55,50,18,43,40,916,401,332,44,68,35,36,129,129,21616921,1554165,20062756,19123870,16604993,1516295,238538,668601,23314,72129,938886,890671,212185,324571,129257,9074,167992,19051,7613,1278,8517,1666,361,601,5754,2388,363,44725,23165,5344,845,2909,4258,625,1236,3960,722,121,449,125,299,286,123,36,70,18,9,125,2981,1167,233,630,241,174,20,329,41,8,22,39,37,10,21,9,448,264,123,11,29,9,12,61,61
US,0000010,030,South Atlantic,66089734,66089734,59378510,38408781,13986217,383647,2683960,44985,3870920,6711224,6374503,719686,663497,438140,22877,3993186,106353,64297,10851,253115,6167,1134,47787,13726,26229,7458,293366,84033,28382,2868,62909,13423,1592,48898,11998,19935,1709,2707,664,6372,2418,3298,735,290,402,141,592,39005,7149,917,21717,1233,3237,313,1127,1502,184,677,256,253,54,311,75,3905,1432,1934,200,144,90,105,445,445,66089734,10147394,55942340,53343314,36365960,13714620,218141,2653826,37539,353228,2599026,2433677,663104,618111,417770,21102,427409,97214,60342,10020,82062,5047,747,2499,12579,14067,1604,149960,68344,25045,2495,13934,11439,1388,3009,10715,3989,359,2254,563,1603,1905,1935,375,208,92,23,285,13328,5509,706,2976,1006,1200,117,856,152,52,185,173,119,31,210,36,1833,977,615,55,77,34,75,228,228
US,0000011,030,East South Central,19402234,19402234,18376811,13581537,3836008,90920,319410,11934,537002,1025423,971637,197835,283169,75508,5954,344168,19254,7270,1634,22703,926,260,6453,3110,2528,865,48240,17888,4047,661,6336,3426,523,8484,2492,1902,310,413,106,645,474,240,69,58,38,21,107,4767,1216,249,1960,246,256,28,257,200,28,91,79,47,24,72,14,699,300,274,52,36,17,20,80,80,19402234,1056308,18345926,17632276,13375438,3808696,60757,316368,10705,60312,713650,678553,190930,273954,73109,5610,90996,18214,6939,1506,11333,779,188,490,2922,1439,144,32055,15959,3779,612,2496,3045,494,1261,2318,581,111,359,90,289,410,120,37,41,22,1,30,2573,959,190,658,207,112,19,221,53,5,18,52,17,5,53,4,434,211,152,25,25,5,16,35,35
US,0000012,030,West South Central,40774139,40774139,34645291,21896414,5760764,670573,1814706,58663,4444171,6128848,5901243,332103,698793,221664,16003,4356339,56655,23181,4675,91518,4758,1136,61639,12389,16396,3994,206207,48492,10952,1479,31807,11018,1530,68376,7791,15363,1557,1155,265,2960,1087,1012,262,211,361,120,409,19004,3203,476,9710,663,1191,145,894,1527,150,562,159,126,15,143,40,2160,766,1016,121,101,107,49,234,234,40774139,12493044,28281095,26718068,18652037,5630258,443858,1787717,52011,152187,1563027,1473178,298137,625518,203621,13769,205841,51244,21151,4163,27166,3498,790,1595,11248,4963,474,82357,39860,9239,1226,7155,8662,1174,2704,6666,1599,205,892,205,1036,866,424,108,134,32,12,158,6535,2333,335,1788,505,363,49,634,121,13,120,109,54,11,100,0,864,461,293,37,32,26,15,93,93
US,0000013,030,Mountain,24919150,24919150,21811453,16561335,991121,798589,888215,95964,2476229,3107697,2936580,186508,348102,241435,36022,1973802,21915,15514,4010,35242,4555,1830,34169,18703,11621,3152,154975,24434,10475,2015,17283,9199,1945,50110,19803,11776,1810,908,307,1473,1061,706,198,428,370,115,559,14147,2430,516,4962,1046,847,163,1526,1213,202,805,158,97,59,55,68,1744,701,690,99,79,147,28,251,251,24919150,6193275,18725875,17694866,15062974,930550,633666,863077,88309,116290,1031009,961669,161950,283096,220965,32501,192754,17645,13827,3517,9434,3080,1397,1347,16637,3010,509,63199,17964,8754,1667,3490,6494,1479,1728,17173,1323,217,708,227,336,829,240,73,279,28,19,171,5343,1569,359,833,798,255,59,1008,57,26,143,113,44,28,37,14,718,420,180,41,28,33,16,80,80
US,0000014,030,Pacific,53669422,53669422,46171536,25364791,2672579,931422,7597015,411543,9194186,7497886,6875851,384229,669852,913298,105103,4196140,49036,65433,13582,101334,19022,5325,125130,143479,70254,14634,554007,61347,34363,5975,40842,37538,7493,138679,146200,50698,6158,3538,902,4042,4640,3010,716,2558,1703,370,3235,60299,9244,1685,14936,4999,3339,493,12628,5299,578,5694,576,344,95,241,148,7032,2924,2494,317,436,787,74,697,697,53669422,17416369,36253053,33491881,22405688,2536722,400477,7468661,380363,299970,2761172,2469197,335499,527761,834080,91852,368811,39608,58852,11836,32571,11945,3670,2636,128254,16825,4997,264366,45491,28662,4897,9589,26225,5456,3593,122478,5255,724,2572,698,1174,3717,1154,294,1404,132,48,803,24845,6321,1160,2702,3658,1048,150,8027,337,57,738,358,122,44,95,28,2560,1600,576,99,164,94,27,204,204
US,0000015,040,Alabama,5024279,5024279,4767326,3220452,1296162,33625,76660,2984,137443,256953,243473,45429,79559,18510,1449,80617,6301,2049,492,5421,266,77,1941,567,562,233,12093,4493,972,172,1441,912,138,2194,681,429,78,124,13,146,145,86,27,12,6,7,17,1191,304,64,516,80,47,4,35,48,7,25,31,7,4,15,4,187,89,78,13,0,5,2,9,9,5024279,264047,4760232,4575614,3171351,1288159,23119,75918,2612,14455,184618,175750,43911,77291,17974,1366,22551,6012,1939,456,2983,201,46,164,520,303,33,8085,3986,899,165,573,821,138,295,643,122,33,115,13,72,129,43,20,10,4,0,4,673,232,45,200,66,27,3,32,25,0,3,21,0,2,13,4,108,51,44,9,0,2,2,2,2
US,0000016,040,Alaska,733391,733391,643867,435392,21898,111575,44032,12698,18272,89524,81221,5987,38129,9815,1599,17735,2039,547,319,948,1215,607,622,1349,255,55,7371,1988,402,121,361,1795,344,878,837,204,31,80,31,41,58,21,15,90,28,15,31,822,206,47,160,47,17,13,217,49,7,36,4,3,0,5,11,97,44,29,4,4,14,2,13,13,733391,49824,683567,611806,421758,20731,108838,43449,12455,4575,71761,65654,5318,36039,9310,1440,7296,1916,490,289,283,1127,558,245,1229,113,1,5518,1728,348,108,115,1627,314,181,762,41,7,61,31,21,53,4,4,85,5,8,15,505,167,24,37,40,6,7,177,17,1,15,1,2,0,0,11,78,36,20,4,4,12,2,6,6
US,0000017,040,Arizona,7151502,7151502,6154696,4322337,339150,319512,257430,16397,899870,996806,948897,60610,84795,62979,7025,687131,7977,4322,864,11926,1492,570,10400,4226,3696,884,43514,7360,3178,518,5839,2296,428,13994,3924,3882,457,254,87,479,218,190,49,117,111,36,97,3885,732,115,1450,225,246,35,299,410,50,217,35,27,13,13,18,440,174,215,12,7,28,4,70,70,7151502,2192253,4959249,4692409,3816547,317161,263930,248837,14323,31611,266840,249130,51895,67557,56082,6096,47116,6515,3738,726,2875,995,476,384,3690,878,107,16207,5410,2611,429,1044,1577,309,414,3328,344,45,200,55,98,158,63,16,77,3,2,24,1319,484,74,222,170,71,10,187,13,5,29,24,13,5,12,0,175,97,62,8,4,0,4,9,9
US,0000018,040,Arkansas,3011524,3011524,2797949,2114512,453783,27177,51839,14533,136105,213575,203299,28910,76042,11859,1281,75317,3149,865,214,2817,199,101,1347,502,522,174,9447,3600,466,101,1050,831,104,2079,441,358,73,63,9,134,81,22,2,8,11,0,14,699,183,33,299,14,19,0,51,47,14,13,7,7,4,8,0,118,60,38,2,15,2,1,12,12,3011524,256847,2754677,2607520,2063550,449884,20549,51210,14280,8047,147157,140548,27850,73015,11362,1192,20613,2981,798,197,1438,174,81,115,469,208,55,6135,3269,419,89,472,771,91,276,402,116,15,40,9,75,60,10,2,7,4,0,8,409,151,22,120,12,7,0,43,14,8,6,7,7,4,8,0,64,35,21,2,4,2,0,1,1
US,0000019,040,California,39538223,39538223,33777988,16296122,2237044,631016,6085947,157263,8370596,5760235,5380042,257897,384596,624936,45390,3626370,37342,51784,8765,88929,13189,2563,113787,51357,61163,11974,341027,41343,24099,3338,32938,22082,3308,119441,31003,42261,4250,2582,555,3381,2638,2603,606,960,1465,316,1858,34609,6504,981,11879,1951,2736,336,2531,4290,421,2082,260,282,77,170,109,4107,1345,2002,236,208,284,32,450,450,39538223,15579652,23958571,22330849,13714587,2119286,156085,5978795,138167,223929,1627722,1500424,220162,270349,563222,37904,223468,29533,46247,7531,28389,7321,1376,1867,45831,13281,3943,114216,29152,19646,2618,7243,13731,2114,2090,25764,3812,422,1806,415,985,2103,955,256,457,90,23,534,11705,4292,632,1946,1453,820,86,1535,206,31,329,161,102,35,62,15,1247,683,406,65,71,21,1,130,130
US,0000020,040,Colorado,5773714,5773714,5066044,4082927,234828,74129,199827,10287,464046,707670,665645,48200,91231,63039,4943,426665,5076,3636,611,7619,851,218,8397,2431,2183,545,38117,6940,2747,337,4070,2331,325,14157,3105,2553,331,265,63,348,170,129,25,68,72,14,67,3437,688,136,1346,188,241,34,282,300,39,131,20,7,13,2,10,423,195,152,30,10,31,5,48,48,5773714,1263390,4510324,4249526,3760663,221310,33768,195220,9005,29560,260798,244979,42311,71858,58609,4356,54422,3850,3264,506,2000,476,134,291,2155,674,73,14448,5013,2346,244,814,1608,227,457,2734,361,58,202,44,71,141,52,8,33,8,0,27,1197,412,95,181,150,62,20,187,21,7,37,10,3,5,2,5,156,116,24,12,3,1,0,18,18
US,0000021,040,Connecticut,3605944,3605944,3273040,2395128,388675,16051,172455,1598,299133,332904,313228,36315,25191,24100,853,191978,4947,2021,469,20121,356,87,3197,639,1839,1115,16883,4629,1111,75,5315,449,36,2516,462,975,119,152,20,641,35,177,49,8,36,21,57,2583,310,62,1879,45,130,18,39,54,5,19,10,5,0,6,1,185,76,87,8,2,11,1,25,25,3605944,623293,2982651,2845082,2279232,360937,6404,170459,974,27076,137569,129834,30832,22929,23135,778,38125,4054,1798,410,5592,308,40,187,586,921,139,7090,3160,927,63,1264,370,25,154,425,249,9,122,14,105,27,123,20,7,15,0,11,558,205,33,195,33,44,8,19,2,3,5,8,0,0,2,1,76,47,25,1,2,0,1,11,11
US,0000022,040,Delaware,989948,989948,913430,597763,218899,5148,42699,412,48509,76518,71461,14610,9586,5480,310,32669,2662,911,147,3811,107,12,613,132,310,101,4488,1842,434,25,841,177,31,546,160,157,27,74,29,88,26,10,2,4,4,0,11,522,123,8,272,18,24,16,10,9,0,13,4,4,0,17,4,42,11,19,0,12,0,0,5,5,989948,104290,885658,842635,579851,212960,2521,42398,304,4601,43023,40061,13511,8993,5319,289,6708,2453,870,141,1338,92,1,45,131,160,10,2742,1569,367,19,210,150,28,59,151,40,12,63,27,14,14,8,0,0,1,0,10,194,89,8,41,6,17,5,9,0,0,0,0,0,0,16,3,21,8,6,0,7,0,0,5,5
US,0000023,040,District of Columbia,689545,689545,633468,273194,285810,3193,33545,432,37294,56077,51147,7543,2212,8646,247,23425,2334,1340,112,3856,70,20,767,190,300,85,4262,1379,394,23,792,88,3,781,153,273,15,63,39,127,32,49,27,2,0,4,18,613,129,8,354,14,51,1,1,21,3,16,9,3,0,3,0,51,20,18,0,4,4,5,4,4,689545,77652,611893,582408,261771,282066,1277,33192,349,3753,29485,26897,7099,1697,8414,196,3702,2189,1284,108,1751,62,18,41,168,165,3,2335,1115,350,20,329,70,1,30,134,61,4,54,34,49,32,32,15,2,0,0,3,230,102,5,68,11,34,1,1,0,0,3,4,1,0,0,0,23,13,1,0,4,4,1,0,0
US,0000024,040,Florida,21538187,21538187,17986115,12422961,3246381,94795,643682,14014,1564282,3552072,3428042,200545,192576,122838,7435,2694902,19086,20991,4320,127918,1859,393,14987,4389,11730,4073,106458,19129,9588,862,32695,4204,537,18348,3696,9942,854,541,132,2680,826,1589,322,93,177,35,208,16177,1800,244,10372,344,1751,137,296,547,63,271,81,118,14,116,23,1263,353,719,90,40,25,36,132,132,21538187,5697240,15840947,15048804,11100503,3127052,42169,629626,11521,137933,792143,748754,174146,174875,113998,6677,196605,16122,19349,4015,29360,1487,229,850,3929,6152,960,39297,12773,8185,718,4855,3442,454,924,3284,1625,165,439,94,342,657,951,171,67,42,2,107,3582,1287,154,727,276,527,51,209,52,16,72,59,42,12,85,13,472,227,182,17,16,5,25,38,38
US,0000025,040,Georgia,10711908,10711908,9968000,5555483,3320513,50618,479028,7299,555059,743908,698142,115782,106685,55138,3094,333782,19655,11481,1812,36334,1007,147,7360,1680,3398,787,40179,13019,4196,462,7178,1892,242,6817,1473,1931,185,490,101,1017,397,504,110,40,42,6,77,4971,1173,159,2453,154,352,40,176,191,30,71,61,40,13,56,2,551,193,270,22,11,22,33,65,65,10711908,1123457,9588451,9198318,5362156,3278119,20375,475680,6101,55887,390133,364408,108945,100550,53152,2893,46546,18303,10844,1652,16359,829,90,402,1553,2049,241,23121,10993,3760,417,2096,1665,207,503,1321,439,54,411,93,398,314,307,62,27,17,3,34,2250,945,108,594,128,164,18,147,23,1,11,34,25,5,45,2,321,141,126,8,8,9,29,33,33
US,0000026,040,Hawaii,1455271,1455271,1087142,333261,23417,4370,541902,157445,26747,368129,231504,5615,11279,71907,34670,20218,800,2779,1736,929,1010,930,439,75347,2842,1003,118847,1511,1433,911,576,4244,2019,1147,99170,2728,1076,218,99,67,1245,83,32,1177,53,16,1042,15969,666,302,340,2156,116,62,8521,310,83,3112,216,24,3,44,14,1733,998,138,25,139,406,27,76,76,1455271,138923,1316348,1024458,314365,21877,2321,531558,149054,5283,291890,190229,4913,9458,65223,30880,5319,651,2522,1502,343,598,702,42,66943,722,411,92835,1141,1180,728,189,3012,1517,78,82470,316,152,175,68,14,968,29,14,631,5,9,139,8106,456,217,70,1455,34,25,5302,42,10,326,135,10,3,21,0,710,558,48,1,53,38,12,10,10
US,0000027,040,Idaho,1839106,1839106,1685901,1510360,15726,25621,26836,3726,103632,153205,145443,7906,32995,15980,2696,81703,433,236,85,625,203,104,1365,591,384,137,6992,1022,330,85,575,693,162,2248,1156,494,109,14,6,29,8,16,3,18,3,5,16,649,100,27,180,48,27,6,109,46,10,45,22,13,0,7,9,82,38,18,12,6,5,3,39,39,1839106,239407,1599699,1521891,1450523,14785,18903,26036,3401,8243,77808,74258,7163,29459,15020,2489,18296,331,213,75,223,143,72,73,532,143,26,3218,790,279,77,140,553,131,97,1009,70,16,10,1,2,7,5,3,13,1,5,9,282,52,15,40,41,17,1,79,6,6,3,13,4,0,4,1,36,16,8,3,1,5,3,14,14
US,0000028,040,Illinois,12812508,12812508,11667524,7868227,1808271,96498,754878,4501,1135149,1144984,1087260,111307,107871,90923,3101,697568,12187,6283,716,23028,1470,168,23158,2673,5233,1574,51574,11661,2761,286,8170,2026,187,18641,1694,3603,255,391,103,904,227,286,76,27,113,43,120,5396,963,122,3171,117,294,16,136,296,12,130,33,34,14,42,16,670,301,301,35,14,4,15,84,84,12812508,2337410,10475098,10060243,7472751,1775612,16561,747280,2959,45080,414855,393661,101879,93073,86529,2809,77886,10664,5868,637,8463,1154,82,324,2454,1681,158,19175,9072,2397,257,2035,1591,146,400,1503,590,47,320,92,264,178,166,33,13,22,6,43,1701,708,75,495,83,90,9,96,14,0,58,27,8,7,22,9,278,165,93,11,9,0,0,40,40
US,0000029,040,Indiana,6785528,6785528,6348802,5241795,648513,26086,167959,3137,261312,436726,414856,81420,90589,31442,2300,184637,4870,2177,381,8306,342,58,2919,3589,1443,383,19796,7003,1615,225,3161,968,177,4218,871,851,117,66,19,227,76,75,41,9,18,5,54,1784,430,91,835,59,67,17,80,77,20,40,27,12,1,15,13,262,149,80,16,7,2,8,28,28,6785528,554191,6231337,5965993,5121004,637500,12938,166651,2761,25139,265344,252911,77032,85633,30294,2145,42398,4428,2077,357,3683,274,47,118,3545,829,51,11486,6070,1459,205,1080,825,146,323,782,224,37,57,15,93,62,31,17,6,10,0,44,782,359,57,156,58,18,6,48,15,4,20,19,6,1,11,4,148,100,30,4,6,1,7,17,17
US,0000030,040,Iowa,3190369,3190369,3011086,2694521,131972,14486,75629,5758,88720,179283,170730,31415,33145,15391,1121,81757,1430,757,94,1860,180,40,1039,1816,577,108,7817,2828,596,135,1007,416,42,1561,529,350,62,52,13,76,68,45,12,11,5,4,5,609,140,42,237,24,34,16,36,41,4,19,3,0,0,7,6,111,60,29,3,6,2,11,16,16,3190369,215986,2974383,2865710,2638201,129321,9079,75017,5605,8487,108673,103660,29655,30696,14825,1058,22167,1273,708,85,871,151,19,37,1775,298,42,4640,2424,540,105,308,355,30,126,495,78,21,47,11,21,44,15,2,11,0,4,3,309,111,28,60,22,17,6,27,9,3,12,1,0,0,7,6,59,41,13,2,0,2,1,5,5
US,0000031,040,Kansas,2937880,2937880,2657373,2222462,168809,30995,86273,3412,145422,280507,265719,36935,63803,18823,1600,132329,3934,1261,269,2927,246,71,1918,795,633,175,13554,4878,979,163,1690,934,129,2994,714,570,66,90,36,163,49,34,14,12,16,0,23,1100,316,47,415,53,49,10,87,53,7,31,10,5,6,1,10,103,52,34,6,4,2,5,31,31,2937880,382603,2555277,2406252,2122575,163352,21921,85225,3115,10064,149025,140801,33979,58576,17855,1486,21550,3503,1187,255,993,198,51,100,729,294,45,7654,4078,893,147,469,782,112,194,636,94,14,79,27,49,39,3,9,8,1,0,20,501,228,40,84,43,21,2,65,3,0,2,7,3,1,1,1,52,35,8,0,4,0,5,17,17
US,0000032,040,Kentucky,4505836,4505836,4260996,3711254,362417,12801,74426,3681,96417,244840,232500,55381,66051,17238,1449,78941,2750,1258,335,5572,185,51,1140,1366,600,183,11103,4202,1014,165,1561,723,117,1892,544,450,70,74,23,115,71,27,6,9,12,6,22,1068,274,49,421,66,68,8,66,55,0,21,12,18,5,5,0,143,57,50,10,14,7,5,26,26,4505836,207854,4297982,4122619,3664764,357764,8080,73843,3462,14706,175363,167097,53555,64160,16727,1363,22571,2561,1212,311,2627,157,41,76,1307,405,24,7614,3802,940,151,637,649,112,427,504,161,24,53,17,46,61,4,2,5,9,0,10,555,214,34,130,52,25,8,61,12,0,2,9,5,1,2,0,84,38,25,5,8,3,5,13,13
US,0000033,040,Louisiana,4657757,4657757,4384380,2657652,1464023,31657,86438,1911,142699,273377,255214,43631,50194,17001,1278,116354,7332,2323,419,13305,280,69,1601,504,660,263,15833,4955,985,121,2995,840,117,3407,500,819,133,137,40,374,170,128,46,21,13,7,25,2083,339,46,1250,64,67,30,58,82,8,27,38,21,1,47,5,214,82,95,3,11,15,8,33,33,4657757,322549,4335208,4179112,2596702,1452420,25994,85336,1706,16954,156096,145655,41902,46689,16219,1202,22681,6931,2185,371,6202,239,50,200,450,289,45,9312,4341,886,112,1525,696,99,335,457,164,48,119,36,230,136,74,20,9,5,2,18,987,253,37,450,49,32,16,37,11,2,15,26,18,0,41,0,122,51,48,1,7,7,8,20,20
US,0000034,040,Maine,1362359,1362359,1297649,1237041,25752,7885,16798,443,9730,64710,61608,7612,23177,7074,430,21646,272,163,41,651,86,16,141,153,123,23,2808,846,194,21,444,221,59,483,250,173,20,17,11,24,5,17,2,7,4,2,8,231,26,13,94,17,13,2,21,22,3,5,7,4,0,3,1,63,34,7,2,3,10,7,0,0,1362359,26609,1335750,1282177,1228264,25115,7293,16668,407,4430,53573,51538,7214,22678,6921,425,13167,237,150,34,380,74,8,30,143,75,2,1890,743,176,15,244,216,51,89,237,59,12,4,1,11,5,10,0,7,4,2,4,122,22,5,34,13,12,2,16,4,3,1,5,4,0,1,0,23,22,0,0,0,1,0,0,0
US,0000035,040,Maryland,6177224,6177224,5695323,3007874,1820472,31845,420944,3247,410941,481901,444556,78371,48367,55237,1985,194761,15874,9381,1117,25559,810,112,8218,1403,2746,615,32617,11071,3651,330,5388,1356,111,5477,1158,1944,138,418,96,592,210,444,82,26,67,20,38,4231,1067,109,2187,111,316,35,92,173,29,32,19,33,5,19,4,439,181,200,23,25,1,9,58,58,6177224,729745,5447479,5176715,2913782,1795027,12055,417962,2575,35314,270764,249806,73205,44092,53337,1868,37069,14741,8918,1036,11616,654,74,277,1308,1492,119,18987,9493,3285,308,1654,1154,97,244,1045,470,36,363,88,220,176,260,37,17,20,7,13,1734,852,104,364,99,133,6,76,22,14,9,18,19,3,12,3,200,111,61,13,9,1,5,37,37
US,0000036,040,Massachusetts,7029917,7029917,6421050,4896037,494029,24018,507934,2301,496731,608867,571923,56449,41151,58164,1794,310903,6011,3375,648,80988,633,109,5177,994,3405,2122,32278,6372,1794,160,13544,908,99,4085,1030,1849,204,185,22,1155,106,473,147,20,36,22,67,4310,443,49,3004,67,348,63,37,103,16,93,10,25,0,48,4,326,136,152,23,10,5,0,30,30,7029917,887685,6142232,5813954,4748897,457055,9387,504900,1607,92108,328278,309685,49087,37631,56636,1663,107699,4851,3116,575,44127,531,48,750,900,1698,373,16892,4587,1580,123,6475,777,75,492,974,607,62,152,16,431,76,330,88,11,7,1,28,1510,325,33,706,46,207,38,18,15,4,62,8,22,0,26,0,171,96,56,7,7,5,0,20,20
US,0000037,040,Michigan,10077331,10077331,9442016,7444974,1376579,61261,334300,3051,221851,635315,599811,115790,145036,60656,2906,240916,12023,3871,566,11229,735,102,2792,1108,1732,349,32500,13348,2305,308,4441,1797,244,5728,1403,1680,148,279,45,383,128,131,32,32,26,2,40,2609,699,131,1102,84,133,33,111,120,8,87,35,31,7,24,4,338,156,128,18,18,10,8,57,57,10077331,564422,9512909,9073589,7295651,1358458,47406,332288,2603,37183,439320,417028,108246,136541,58838,2724,87077,11133,3689,509,5150,619,60,268,1035,1073,66,20770,11682,2085,266,1662,1563,193,571,1293,720,40,221,41,163,122,88,9,25,10,2,14,1325,528,101,338,74,55,18,83,26,0,46,19,21,7,5,4,163,89,45,10,6,5,8,34,34
US,0000038,040,Minnesota,5706494,5706494,5360773,4423146,398434,68641,299190,2918,168444,345721,324275,57953,65819,45265,1882,133575,5029,2674,313,4770,790,104,2660,1477,1609,355,19416,7897,1842,232,2123,1247,144,3123,1153,877,95,126,57,187,65,91,20,38,34,7,58,1755,441,71,763,70,158,9,103,65,1,24,21,18,5,6,0,244,91,116,13,15,4,5,31,31,5706494,345640,5360854,5124820,4353880,392850,57046,297460,2621,20963,236034,222430,54620,61284,44003,1778,47548,4540,2572,288,2320,666,82,150,1422,994,163,12575,6760,1661,211,723,1039,118,291,1079,226,29,117,39,68,62,60,9,26,11,0,46,904,347,52,203,59,94,5,98,9,0,4,14,15,4,0,0,105,63,40,0,1,0,1,20,20
US,0000039,040,Mississippi,2961279,2961279,2850547,1658893,1084481,16450,32709,1154,56860,110732,103917,25992,27934,8293,603,31331,3877,1149,273,3095,128,28,571,251,284,108,5995,2320,496,63,735,411,58,991,221,246,30,75,21,134,92,60,4,7,8,2,21,676,172,54,253,21,28,4,44,14,5,9,11,16,7,36,2,119,47,38,17,8,0,9,25,25,2961279,105220,2856059,2772613,1639077,1079001,14019,32305,1037,7174,83446,78813,25232,26963,8036,552,10552,3700,1097,244,1811,121,24,80,228,142,31,4127,2095,464,58,358,357,54,135,199,83,14,66,21,86,87,30,3,7,3,1,6,413,143,46,110,20,13,4,32,1,1,2,6,10,0,25,0,83,36,23,7,8,0,9,10,10
US,0000040,040,Missouri,6154913,6154913,5741742,4740335,699840,30518,133377,9730,127942,413171,390923,68493,128301,34538,3424,135671,7134,2313,542,6030,352,98,1682,1180,937,228,20344,7562,1634,313,2472,1618,280,3723,1129,764,165,154,46,236,101,54,16,23,15,1,38,1598,434,95,663,75,64,19,99,65,7,33,16,9,5,6,8,281,135,113,6,15,9,3,25,25,6154913,303068,5851845,5544005,4663907,692774,23496,132158,9293,22377,307840,293286,65605,123246,33472,3225,52701,6692,2209,498,3377,308,73,175,1083,550,72,13513,6732,1519,251,1071,1449,243,460,1049,227,41,140,37,123,80,44,10,8,3,1,25,872,360,80,197,65,36,5,84,13,0,3,15,8,4,0,2,159,95,53,3,4,1,3,10,10
US,0000041,040,Montana,1084225,1084225,1012950,916524,5484,67612,8300,941,14089,71275,67557,4608,29080,6430,916,24502,623,140,30,211,202,96,322,274,101,22,3410,959,161,41,214,472,112,773,434,121,37,1,6,5,7,4,13,27,11,1,11,256,39,14,83,14,4,4,34,27,5,3,6,5,6,7,5,40,13,17,3,0,4,3,12,12,1084225,45199,1039026,984277,901318,5077,64592,8077,839,4374,54749,52448,4311,27140,6160,861,12543,555,127,23,92,180,78,68,249,55,6,2144,803,143,35,82,394,96,111,394,26,14,1,6,1,6,1,4,16,4,0,7,130,35,14,12,14,1,1,28,3,1,2,5,1,6,7,0,25,10,7,3,0,4,1,2,2
US,0000042,040,Nebraska,1961504,1961504,1817341,1538052,96535,23102,52951,1534,105167,144163,136456,19503,23079,12180,826,73788,1882,577,126,1607,167,42,1695,479,407,98,6979,2328,523,81,795,393,52,1745,462,304,43,49,5,98,41,6,15,5,8,9,17,624,124,25,241,56,33,7,24,70,11,13,2,3,1,10,4,84,34,23,6,8,4,9,20,20,1961504,234715,1726789,1654155,1484687,94405,15051,52359,1318,6335,72634,68653,18187,20524,11655,786,13700,1673,554,101,620,116,36,62,452,174,13,3721,1927,466,70,213,306,43,94,403,58,9,45,5,25,35,0,1,5,0,4,12,221,80,17,55,32,4,0,20,5,0,0,0,2,1,5,0,31,16,0,5,8,0,2,8,8
US,0000043,040,Nevada,3104614,3104614,2670605,1588463,304739,43932,272703,25011,435757,434009,400557,34520,36364,45769,6098,239236,4265,5716,1613,9242,738,262,4814,8079,3049,792,29850,4309,2794,575,3260,1735,366,5503,6574,2393,361,260,86,328,535,256,80,106,73,16,240,3159,540,136,792,393,197,45,472,179,38,262,41,29,11,24,0,400,184,127,7,48,31,3,43,43,3104614,890257,2214357,2047436,1425952,291960,23392,265991,22970,17171,166921,149476,30247,29562,41700,5320,20361,3667,5179,1441,3062,513,170,166,7234,714,140,15714,3382,2318,478,917,1266,273,245,5523,221,35,219,71,119,428,85,25,59,5,0,45,1513,381,107,247,281,60,16,315,2,5,39,38,11,0,11,0,203,123,48,1,17,13,1,15,15
US,0000044,040,New Hampshire,1377529,1377529,1299787,1216203,20127,3031,35871,453,24102,77742,73876,8076,19548,9151,540,33530,322,180,64,1685,67,7,223,194,203,86,3465,992,334,29,735,260,28,559,191,178,36,1,24,39,17,16,4,2,11,3,6,338,43,3,200,11,20,1,15,18,2,9,3,1,2,9,1,59,26,11,14,0,3,5,4,4,1377529,59454,1318075,1263511,1200649,18655,2299,35604,388,5916,54564,52387,7376,18859,8907,503,15424,249,171,55,410,58,7,32,193,131,12,2016,801,312,29,233,237,25,68,181,60,12,1,18,6,13,6,4,0,6,0,4,132,25,3,45,7,13,0,14,9,2,6,3,0,2,2,1,25,10,3,6,0,3,3,4,4
US,0000045,040,New Jersey,9288994,9288994,8385500,5112280,1219770,51186,950090,3533,1048641,903494,852673,70790,40811,65045,1740,559309,12399,7604,1168,65449,1842,143,14030,2097,7251,2995,43150,10254,2929,217,13263,1016,100,7374,967,3645,265,374,51,1323,139,734,113,30,158,56,142,7058,850,149,4730,79,633,62,46,244,26,112,18,39,13,38,19,546,157,310,22,17,29,11,67,67,9288994,2002575,7286419,6996948,4816381,1154142,11206,942921,1944,70354,289471,272852,58316,35176,61942,1560,72627,10255,6959,1049,16947,1594,58,531,1964,3475,399,14950,6891,2364,175,1749,817,71,203,876,607,29,269,37,185,120,408,33,21,33,7,55,1449,607,106,319,59,205,21,35,23,5,26,11,13,1,11,7,197,105,67,2,9,7,7,23,23
US,0000046,040,New Mexico,2117522,2117522,1695276,1078937,45904,212241,37469,2093,318632,422246,405338,10509,30305,11482,1097,337315,2488,645,130,3049,643,214,5425,668,1063,305,15498,1949,443,55,1807,737,131,7896,555,1226,171,58,21,171,35,54,13,31,60,35,50,1230,171,27,546,43,71,20,102,124,16,61,19,6,7,1,16,152,32,84,16,4,13,3,28,28,2117522,1010811,1106711,1046944,772952,38330,188610,35261,1451,10340,59767,56231,7971,20999,9620,891,12110,1931,553,112,494,466,166,217,522,137,42,3171,1196,324,43,184,423,100,168,428,98,14,42,17,26,27,10,8,23,3,8,29,304,89,13,48,37,22,8,47,3,1,6,13,5,6,1,5,42,7,20,6,1,6,2,19,19
US,0000047,040,New York,20201249,20201249,18433786,11143349,2986172,149690,1933127,10815,2210633,1767463,1649229,175686,113950,148927,3890,840481,31562,21450,3274,226733,5958,564,33617,6314,28694,8129,99616,24378,6334,504,31594,2154,258,15296,2222,6526,459,1059,171,3838,426,2558,476,145,548,156,514,16806,2049,232,11366,252,1429,92,135,430,37,240,92,210,29,120,93,1623,555,873,99,26,25,45,189,189,20201249,3948032,16253217,15532370,10598907,2759022,54908,1916329,6097,197107,720847,680673,145393,101028,143101,3442,135278,25122,19639,2921,68223,5344,324,2534,5869,20396,2059,35956,15048,5137,418,4575,1717,195,561,2011,1726,91,790,120,709,329,1670,164,105,291,39,260,3599,1402,141,777,174,556,21,97,57,3,104,56,102,15,61,33,558,294,204,11,20,9,20,61,61
US,0000048,040,North Carolina,10439388,10439388,9727667,6488459,2140217,130032,343051,8518,617390,711721,664545,114798,124955,57170,3574,294386,23110,6862,1462,24413,983,249,7175,1842,2749,817,41836,16307,3410,458,6524,2035,261,6802,1742,1731,204,454,138,936,298,244,92,64,34,15,87,4728,1102,153,2406,160,285,32,178,193,23,81,31,20,8,31,25,540,280,198,25,22,10,5,72,72,10439388,1118596,9320792,8913939,6312148,2107526,100886,340059,6980,46340,406853,379065,108137,118182,54952,3331,51148,21556,6490,1344,9178,839,188,472,1676,1458,114,25452,14148,3055,399,1967,1814,238,486,1545,429,33,383,123,300,239,127,56,53,6,0,51,1983,851,121,497,126,126,13,136,27,6,28,22,14,0,6,10,312,198,86,3,17,5,3,41,41
US,0000049,040,North Dakota,779094,779094,737154,645938,26783,38914,13213,924,11382,41940,39726,5120,14414,4048,415,13753,600,251,39,394,98,50,225,183,70,66,1968,645,155,34,212,173,36,347,166,76,11,9,7,29,21,7,1,11,11,0,17,192,35,8,62,11,2,3,22,22,0,0,3,10,1,6,7,49,14,10,6,16,3,0,5,5,779094,33412,745682,715434,636160,26152,37350,13050,869,1853,30248,28950,4860,13585,3892,382,4842,543,226,28,192,83,50,33,178,36,20,1202,522,155,33,60,150,29,32,142,19,2,5,1,3,21,0,0,11,0,0,17,74,26,5,6,8,0,1,14,2,0,0,2,5,0,5,0,22,7,2,1,10,2,0,0,0
US,0000050,040,Ohio,11799448,11799448,11118076,9080688,1478781,30720,298509,5034,224344,681372,638388,157685,157622,59329,3367,217778,12938,4679,811,17084,637,99,2590,1312,1861,596,38520,17738,3162,488,5720,1974,243,4779,1669,1190,162,310,88,548,178,126,31,36,33,15,30,3942,1049,231,1893,150,180,12,122,138,13,52,30,29,18,14,11,461,219,153,29,37,3,20,61,61,11799448,521308,11278140,10776578,8954135,1457180,18949,296604,4493,45217,501562,472864,149694,151584,57794,3150,81668,11995,4436,750,8426,555,67,251,1207,1214,73,26530,15777,2909,422,2144,1766,206,546,1557,368,48,272,70,149,151,89,13,22,5,2,14,1867,820,188,447,114,73,3,93,45,0,25,18,19,10,12,0,262,158,60,14,13,3,14,39,39
US,0000051,040,Oklahoma,3959353,3959353,3451195,2514885,289961,332791,90949,8608,214001,508158,476591,46341,251170,21338,2100,124450,19104,1726,420,3753,974,357,3132,824,665,237,29533,15616,1200,227,1956,2926,426,4845,921,541,75,202,58,295,61,41,13,77,21,7,25,1846,460,105,778,74,72,5,181,82,13,32,13,10,5,15,1,167,107,42,5,6,1,6,21,21,3959353,471931,3487422,3113743,2407188,283242,311890,89653,8168,13602,373679,351497,43225,238919,20172,1896,23169,18042,1599,364,1582,828,319,340,748,245,49,21102,14054,1088,197,746,2633,353,591,817,121,14,162,51,135,42,8,10,63,3,0,14,969,360,82,217,60,36,5,161,15,1,3,9,6,2,12,0,97,70,21,4,0,1,1,14,14
US,0000052,040,Oregon,4237256,4237256,3793917,3169096,82655,62993,194538,19204,265431,443339,412968,32537,96929,59341,7738,198328,2285,1647,519,2794,805,332,3987,3737,1543,446,27366,5185,1771,382,2242,2840,643,6714,4854,1724,271,141,63,159,101,66,20,75,37,3,75,2568,446,98,842,161,115,19,453,229,22,141,17,11,10,4,0,385,191,116,13,30,35,0,52,52,4237256,588757,3648499,3389814,3036158,78658,42042,191797,18197,22962,258685,242105,29744,87078,56237,7106,51870,1889,1506,479,910,613,277,182,3414,643,157,15193,4182,1526,340,711,2330,516,481,4313,343,53,103,54,40,80,39,2,47,9,0,24,1189,311,64,223,142,47,9,334,24,3,18,11,2,1,0,0,169,105,38,3,12,11,0,29,29
US,0000053,040,Pennsylvania,13002700,13002700,12228216,9750687,1423169,31052,510501,4276,508531,774484,726012,136716,107274,69760,3360,337578,14495,6188,1025,36170,858,164,5426,1692,3256,2050,42490,15669,3153,450,9963,1483,225,5306,1541,1891,235,328,92,1289,195,348,124,22,55,45,76,5454,1054,203,3296,118,316,55,96,119,27,71,26,42,0,26,5,435,195,195,22,15,4,4,93,93,13002700,1049615,11953085,11501800,9553417,1368978,15028,506674,3162,54541,451285,426834,123578,101742,67431,3132,98277,12588,5681,912,9025,751,82,304,1590,1573,168,22487,12376,2729,379,2149,1277,191,423,1411,495,53,258,90,235,163,165,40,13,25,0,15,1698,799,152,331,87,140,23,65,30,1,23,23,15,0,9,0,226,159,52,4,4,4,3,40,40
US,0000054,040,Rhode Island,1097379,1097379,995585,782920,62168,7385,38961,536,103615,101794,93292,9960,8317,7009,333,44471,2169,397,86,18100,98,32,1103,181,448,588,7427,1773,286,47,3143,142,39,712,149,243,64,37,12,514,44,109,45,5,25,26,12,994,113,19,711,19,63,14,4,13,9,4,3,7,10,5,0,69,13,36,8,2,10,0,12,12,1097379,182101,915278,863028,754050,55386,3513,38367,320,11392,52250,47257,8515,7593,6750,309,9981,1820,351,70,11199,72,15,171,155,164,92,4491,1380,244,39,1803,134,30,108,144,80,18,24,5,329,39,66,18,2,15,6,7,458,93,15,252,19,39,9,4,6,5,0,0,7,4,5,0,36,13,14,6,0,3,0,8,8
US,0000055,040,South Carolina,5118425,5118425,4820049,3243442,1280531,24303,90466,3431,177876,298376,280801,57455,62074,23180,1651,112478,7924,2859,554,8725,300,61,1688,774,790,288,15452,6080,1385,134,2280,928,125,2291,715,622,72,153,27,282,153,84,29,23,22,14,33,1775,364,70,821,110,101,17,112,57,18,42,21,14,3,18,7,292,125,113,15,19,14,6,56,56,5118425,352838,4765587,4576007,3178552,1269031,16591,89394,3085,19354,189580,178524,54856,59598,22306,1570,24449,7432,2688,490,3531,257,56,133,719,409,30,9966,5369,1238,123,770,840,123,254,650,183,17,116,25,77,106,24,9,23,0,3,16,879,283,62,224,99,47,7,91,7,13,6,13,11,0,16,0,174,95,51,11,11,2,4,37,37
US,0000056,040,South Dakota,886667,886667,840002,715336,17842,77748,13476,543,15057,46665,44190,5575,17783,3699,385,14479,940,163,26,323,165,58,332,133,86,43,2228,839,126,28,186,219,62,415,163,56,30,27,5,32,8,1,8,13,3,4,3,202,21,11,65,17,8,10,29,11,9,4,0,5,0,7,5,44,15,7,4,4,11,3,1,1,886667,38741,847926,813494,705583,17441,74595,13332,493,2050,34432,32891,5279,16660,3555,359,5484,827,157,23,144,144,50,44,115,42,8,1420,722,110,28,65,177,50,39,156,20,5,16,5,10,5,1,5,1,3,0,2,100,15,11,25,12,2,1,21,0,5,1,0,4,0,3,0,20,7,7,0,2,4,0,1,1
US,0000057,040,Tennessee,6910840,6910840,6497942,4990938,1092948,28044,135615,4115,246282,412898,391747,71033,109625,31467,2453,153279,6326,2814,534,8615,347,104,2801,926,1082,341,19049,6873,1565,261,2599,1380,210,3407,1046,777,132,140,49,250,166,67,32,30,12,6,47,1832,466,82,770,79,113,12,112,83,16,36,25,6,8,16,8,250,107,108,12,14,5,4,20,20,6910840,479187,6431653,6161430,4900246,1083772,15539,134302,3594,23977,270223,256893,68232,105540,30372,2329,35322,5941,2691,495,3912,300,77,170,867,589,56,12229,6076,1476,238,928,1218,190,404,972,215,40,125,39,85,133,43,12,19,6,0,10,932,370,65,218,69,47,4,96,15,4,11,16,2,2,13,0,159,86,60,4,9,0,0,10,10
US,0000058,040,Texas,29145505,29145505,24011767,14609365,3552997,278948,1585480,33611,3951366,5133738,4966139,213221,321387,171466,11344,4040218,27070,18267,3622,71643,3305,609,55559,10559,14549,3320,151394,24321,8301,1030,25806,6421,883,58045,5929,13645,1276,753,158,2157,775,821,201,105,316,106,345,14376,2221,292,7383,511,1033,110,604,1316,115,490,101,88,5,73,34,1661,517,841,111,69,89,34,168,168,29145505,11441717,17703788,16817693,11584597,3444712,85425,1561518,27857,113584,886095,835478,185160,266895,155868,9479,139378,23290,16569,3231,17944,2257,340,940,9581,4221,325,45808,18196,6846,828,4412,4562,631,1502,4990,1198,128,571,109,596,628,332,76,55,20,10,118,4170,1569,194,1001,384,288,28,393,81,2,96,67,23,5,39,0,581,305,203,30,21,16,6,58,58
US,0000059,040,Utah,3271616,3271616,2992603,2573413,40058,41644,80438,36930,220120,279013,261893,17096,31850,32648,12766,155296,888,744,651,2350,373,333,3090,2303,1054,451,15570,1520,702,369,1373,774,378,4847,3823,990,321,46,36,80,86,45,9,57,29,8,77,1368,125,52,533,123,58,6,207,115,35,77,11,7,8,1,10,174,54,63,17,4,31,5,8,8,3271616,492912,2778704,2658252,2465355,37192,28690,78618,35831,12566,120452,112483,15315,26337,30875,12050,22042,658,683,610,624,277,272,118,2138,375,109,7373,1093,621,331,287,557,310,173,3551,175,33,27,31,6,60,20,7,55,2,4,30,524,94,36,78,93,19,3,152,7,1,23,6,4,5,0,3,69,43,8,8,2,3,5,3,3
US,0000060,040,Vermont,643077,643077,606051,577751,9034,2289,11549,181,5247,37026,35154,3637,13105,3882,203,13541,153,46,13,326,36,12,81,39,72,8,1656,575,92,27,283,132,21,276,81,79,24,5,7,9,10,9,4,4,3,4,11,169,41,6,72,14,6,1,6,6,4,2,4,2,1,4,0,41,19,13,0,1,6,2,6,6,643077,15504,627573,598024,573201,8649,1986,11457,170,2561,29549,28400,3401,12787,3792,203,7713,130,45,13,153,33,12,14,39,64,1,1036,484,89,20,119,122,17,37,76,22,10,4,7,7,10,5,0,2,0,1,4,87,40,5,19,11,6,0,5,0,0,0,0,0,0,1,0,20,15,3,0,0,0,2,6,6
US,0000061,040,Virginia,8631393,8631393,7925686,5208856,1607581,40007,615436,7156,446650,705707,654932,111004,86898,105008,4119,284308,14934,10210,1255,21371,978,104,6852,3176,4062,653,44372,13505,5027,507,6748,2483,238,7356,2708,3246,186,494,98,633,463,367,71,31,54,41,116,5685,1326,157,2743,291,347,31,230,299,15,144,26,12,9,46,9,680,248,372,25,11,14,10,38,38,8631393,908749,7722644,7317734,5058363,1578090,19080,610612,6195,45394,404910,376993,104154,80602,100980,3833,48482,13668,9655,1163,8217,779,61,260,2957,2066,116,25283,11311,4531,436,1823,2077,203,416,2405,697,21,409,75,198,354,222,25,19,6,5,50,2324,1052,139,430,241,143,12,161,19,1,56,19,7,9,30,5,284,168,93,3,5,8,7,26,26
US,0000062,040,Washington,7705281,7705281,6868622,5130920,307565,121468,730596,64933,513140,836659,770116,82193,138919,147299,15706,333489,6570,8676,2243,7734,2803,893,6295,11689,4451,1156,59396,11320,6658,1223,4725,6577,1179,10499,10336,3781,530,517,154,394,598,237,43,256,120,20,229,6331,1422,257,1715,684,355,63,906,421,45,323,79,24,5,18,14,710,346,209,39,55,48,13,106,106,7705281,1059213,6646068,6134954,4918820,296170,91191,723062,62490,43221,511114,470785,75362,124837,140088,14522,80858,5619,8087,2035,2646,2286,757,300,10837,2066,485,36604,9288,5962,1103,1331,5525,995,763,9169,743,90,427,130,114,513,127,18,184,23,8,91,3340,1095,223,426,568,141,23,679,48,12,50,50,6,5,12,2,356,218,64,26,24,12,12,29,29
US,0000063,040,West Virginia,1793716,1793716,1708772,1610749,65813,3706,15109,476,12919,84944,80877,19578,30144,5443,462,22475,774,262,72,1128,53,36,127,140,144,39,3702,1701,297,67,463,260,44,480,193,89,28,20,4,17,13,7,0,7,2,6,4,303,65,9,109,31,10,4,32,12,3,7,4,9,2,5,1,47,21,25,0,0,0,1,15,15,1793716,34827,1758889,1686754,1598834,64749,3187,14903,429,4652,72135,69169,19051,29522,5312,445,12700,750,244,71,712,48,30,19,138,116,11,2777,1573,274,55,230,227,37,93,180,45,17,16,4,5,13,4,0,0,0,3,1,152,48,5,31,20,9,4,26,2,1,0,4,0,2,0,0,26,16,9,0,0,0,1,11,11
US,0000064,040,Wisconsin,5893718,5893718,5534184,4737545,376256,60428,175702,2199,182054,359534,341196,53543,64697,32014,2004,172629,4343,1586,199,5261,467,102,2178,892,1011,270,16568,5601,1077,164,2606,818,133,3769,963,760,98,106,5,278,55,52,24,3,26,13,17,1606,348,46,880,55,57,17,43,85,22,29,5,16,1,2,0,151,72,55,8,5,4,7,13,13,5893718,447290,5446428,5242682,4634018,366508,48384,174267,1892,17613,203746,194320,49471,59670,30903,1889,43485,3774,1494,178,1578,402,64,84,844,471,13,8727,4605,963,140,636,700,107,217,897,192,19,96,4,71,34,24,3,3,6,2,8,636,265,36,174,49,17,15,35,13,3,15,5,8,1,0,0,63,41,13,4,2,2,1,0,0
US,0000065,040,Wyoming,576851,576851,533378,488374,5232,13898,5212,579,20083,43473,41250,3059,11482,3108,481,21954,165,75,26,220,53,33,356,131,91,16,2024,375,120,35,145,161,43,692,232,117,23,10,2,33,2,12,6,4,11,0,1,163,35,9,32,12,3,13,21,12,9,9,4,3,1,0,0,33,11,14,2,0,4,2,3,3,576851,59046,517805,494131,469664,4735,11781,5037,489,2425,23674,22664,2737,10184,2899,438,5864,138,70,24,64,30,29,30,117,34,6,924,277,112,30,22,116,33,63,206,28,2,7,2,13,2,4,2,3,2,0,0,74,22,5,5,12,3,0,13,2,0,4,4,3,1,0,0,12,8,3,0,0,1,0,0,0
US,0000066,040,Puerto Rico,3285874,3285874,1650083,560592,228711,17870,4001,593,838316,1635791,1539017,24479,2586,755,191,1264479,2573,291,78,226074,149,56,13914,46,1075,2271,63117,9846,196,11,38672,42,12,3568,32,475,265,20,3,8953,26,772,98,13,45,51,17,33261,91,18,32529,9,311,44,11,35,40,64,1,51,13,33,11,362,42,234,64,3,12,7,34,34,3285874,3249043,36831,34491,24548,4286,312,2746,91,2508,2340,2173,423,196,346,29,893,46,20,2,157,8,1,10,9,31,2,134,39,10,1,30,4,3,19,7,11,2,0,0,1,0,5,2,0,0,0,0,27,7,0,3,2,2,1,1,4,0,0,0,3,1,3,0,6,1,0,2,0,2,1,0,0
