FILEID,STUSAB,Region,Division,CHARITER,CIFSN,LOGRECNO,P0010001,P0010002,P0010003,P0010004,P0010005,P0010006,P0010007,P0010008,P0010009,P0010010,P0010011,P0010012,P0010013,P0010014,P0010015,P0010016,P0010017,P0010018,P0010019,P0010020,P0010021,P0010022,P0010023,P0010024,P0010025,P0010026,P0010027,P0010028,P0010029,P0010030,P0010031,P0010032,P0010033,P0010034,P0010035,P0010036,P0010037,P0010038,P0010039,P0010040,P0010041,P0010042,P0010043,P0010044,P0010045,P0010046,P0010047,P0010048,P0010049,P0010050,P0010051,P0010052,P0010053,P0010054,P0010055,P0010056,P0010057,P0010058,P0010059,P0010060,P0010061,P0010062,P0010063,P0010064,P0010065,P0010066,P0010067,P0010068,P0010069,P0010070,P0010071,P0020001,P0020002,P0020003,P0020004,P0020005,P0020006,P0020007,P0020008,P0020009,P0020010,P0020011,P0020012,P0020013,P0020014,P0020015,P0020016,P0020017,P0020018,P0020019,P0020020,P0020021,P0020022,P0020023,P0020024,P0020025,P0020026,P0020027,P0020028,P0020029,P0020030,P0020031,P0020032,P0020033,P0020034,P0020035,P0020036,P0020037,P0020038,P0020039,P0020040,P0020041,P0020042,P0020043,P0020044,P0020045,P0020046,P0020047,P0020048,P0020049,P0020050,P0020051,P0020052,P0020053,P0020054,P0020055,P0020056,P0020057,P0020058,P0020059,P0020060,P0020061,P0020062,P0020063,P0020064,P0020065,P0020066,P0020067,P0020068,P0020069,P0020070,P0020071,P0020072,P0020073
uPL,AL,South,East_South_Central,0,1,1,4447100,4402921,3162808,1155930,22430,31346,1409,28998,44179,41684,6356,17566,4772,415,5930,2326,1119,292,1234,247,23,392,310,629,73,2178,802,94,20,285,130,19,198,165,103,35,32,8,38,114,68,19,16,7,2,23,203,49,3,29,18,1,1,18,2,0,26,9,1,0,44,2,91,53,9,1,14,8,6,23,23,4447100,75830,4371270,4332184,3125819,1150076,21618,30989,1059,2623,39086,36889,6194,17153,4611,393,3049,2276,1005,261,792,212,10,143,298,478,14,1936,780,89,19,253,122,16,151,156,69,18,28,7,28,91,55,17,13,2,2,20,166,46,1,26,16,0,0,12,2,0,22,7,1,0,31,2,73,44,8,0,14,5,2,22,22
uPL,AK,West,Pacific,0,1,1,626932,592786,434534,21787,98043,25116,3309,9997,34146,31743,2460,16920,4103,647,3113,1064,310,92,393,811,208,503,582,450,87,2175,575,111,17,95,493,84,236,266,106,23,49,6,20,14,18,3,29,14,0,16,199,48,2,24,10,8,1,53,15,3,23,12,0,0,0,0,28,26,1,0,0,1,0,1,1,626932,25852,601080,570626,423788,21073,96505,24741,3181,1338,30454,28393,2261,16332,3939,611,1571,1005,287,85,133,762,180,284,556,341,46,1883,514,104,16,61,451,81,180,235,78,17,49,4,19,13,13,2,28,7,0,11,154,41,0,13,3,2,1,47,15,2,19,11,0,0,0,0,23,21,1,0,0,1,0,1,1
uPL,AZ,West,Mountain,0,1,1,5130632,4984106,3873611,158873,255879,92236,6733,596774,146526,138655,13732,23009,15624,2044,62927,2889,1346,200,4537,809,249,5430,1556,3537,766,7254,1937,397,48,810,472,90,967,966,785,154,82,10,136,63,91,21,43,57,20,105,484,129,9,86,29,22,3,70,25,5,72,11,3,2,15,3,128,94,5,9,3,15,2,5,5,5130632,1295617,3835015,3758643,3274258,149941,233370,89315,5639,6120,76372,71188,11987,18572,13965,1761,13590,2485,1225,186,1513,536,204,1846,1405,1713,200,4755,1496,333,42,421,332,74,374,846,415,57,61,9,72,51,62,7,29,20,9,45,335,110,7,43,20,10,3,53,17,3,39,10,3,2,12,3,94,65,5,9,1,14,0,0,0
uPL,AR,South,West_South_Central,0,1,1,2673400,2637656,2138598,418950,17808,20220,1668,40412,35744,33818,4773,16439,3061,351,5608,1088,406,89,600,146,59,262,275,484,177,1644,577,48,15,219,125,14,205,157,80,21,24,3,21,53,34,23,6,7,0,12,159,47,4,14,13,3,0,14,8,1,17,7,1,0,30,0,113,95,3,0,1,13,1,10,10,2673400,86866,2586534,2556170,2100135,416615,16702,19892,1494,1332,30364,28722,4638,15891,2976,325,2015,1064,369,80,314,128,50,129,269,359,115,1419,526,47,15,195,112,13,143,152,55,15,22,3,19,49,20,18,3,4,0,8,126,33,4,11,13,3,0,14,4,0,15,4,0,0,25,0,94,78,2,0,1,12,1,3,3
uPL,CA,West,Pacific,0,1,1,33871648,32264002,20170059,2263882,333346,3697513,116961,5682241,1607646,1513166,101705,175273,247396,26920,684475,25204,25203,4257,47923,14560,1837,29004,36050,82728,10631,85600,19388,5365,781,6677,7205,1345,8560,12889,12447,1973,1432,246,1310,988,1647,340,667,810,153,1377,7317,2758,247,1016,447,363,68,914,421,95,650,112,96,17,76,37,1436,1073,183,29,54,70,27,127,127,33871648,10966556,22905092,22001977,15816790,2181926,178984,3648860,103736,71681,903115,839139,86953,133670,222945,23051,197035,22457,23246,3886,18449,10450,1234,3693,34063,53736,4271,58011,15769,4454,675,3572,4890,978,3265,11082,6722,887,1135,166,888,826,1028,196,460,164,42,812,4958,2267,173,548,349,206,34,623,168,42,347,75,52,10,53,11,937,751,112,6,24,33,11,70,70
uPL,CO,West,Mountain,0,1,1,4301261,4179074,3560005,165063,44241,95213,4621,309931,122187,114612,13426,24795,16234,1735,42383,2486,1518,291,3876,637,107,2946,1234,2534,410,6946,2003,508,55,645,514,120,985,974,563,93,93,17,106,40,78,15,44,38,19,36,464,154,19,76,27,25,11,78,26,1,19,17,3,1,1,6,160,146,3,0,8,2,1,5,5,4301261,735601,3565660,3492939,3202880,158443,28982,93277,3845,5512,72721,67414,12016,19453,15035,1546,10089,2118,1421,255,1542,440,81,543,1138,1646,91,4863,1626,458,47,408,365,78,352,853,308,52,85,11,49,33,59,7,34,9,11,18,304,128,19,33,22,12,5,56,10,1,11,3,1,0,1,2,136,124,3,0,7,2,0,4,4
uPL,CT,Northeast,New_England,0,1,1,3405565,3330717,2780355,309843,9639,82313,1366,147201,74848,70473,11725,7652,7343,538,24391,3439,945,665,9008,365,41,668,465,2738,490,4015,1765,191,32,802,153,19,224,152,232,66,55,15,129,27,87,33,5,14,3,11,292,109,12,65,10,20,8,22,7,1,13,16,5,2,2,0,66,54,6,0,5,0,1,2,2,3405565,320323,3085242,3032346,2638845,295571,7267,81564,958,8141,52896,49634,9791,7118,7093,479,11272,3150,865,641,5988,312,16,129,461,2246,73,3002,1402,159,28,529,134,17,128,142,155,17,50,15,91,23,75,18,4,7,0,8,210,84,8,36,8,16,1,22,2,1,12,12,5,1,2,0,48,43,3,0,1,0,1,2,2
uPL,DE,South,South_Atlantic,0,1,1,783600,770567,584773,150666,2731,16259,283,15855,13033,12131,3145,1605,1645,78,2372,890,338,82,1282,72,5,176,75,325,41,817,387,47,2,153,23,3,49,34,29,5,8,5,38,10,14,5,0,1,3,1,61,21,1,20,0,4,0,1,0,0,4,4,1,1,4,0,16,16,0,0,0,0,0,8,8,783600,37277,746323,736101,567973,148435,2324,16110,234,1025,10222,9505,2937,1507,1608,72,919,814,322,75,775,66,4,31,75,285,15,658,341,39,1,114,18,3,18,34,22,3,7,5,30,8,10,4,0,0,0,1,43,20,0,9,0,1,0,1,0,0,4,4,0,0,4,0,16,16,0,0,0,0,0,0,0
uPL,DC,South,South_Atlantic,0,1,1,572059,558613,176101,343312,1713,15189,348,21950,13446,12179,1679,603,1319,75,3413,1389,554,108,2312,48,4,133,98,401,43,1146,645,59,10,139,25,1,39,29,50,5,27,3,44,14,34,15,0,4,1,2,109,61,2,15,5,11,1,3,1,0,6,0,2,0,2,0,10,8,2,0,0,0,0,2,2,572059,44953,527106,517522,159178,340088,1274,15039,273,1670,9584,8583,1449,462,1278,59,1209,1356,510,105,1682,36,2,29,94,297,15,914,579,49,10,66,21,1,15,25,34,2,25,2,35,10,26,11,0,0,1,2,79,42,2,10,3,11,0,1,0,0,6,0,2,0,2,0,8,6,2,0,0,0,0,0,0
uPL,FL,South,South_Atlantic,0,1,1,15982378,15606063,12465029,2335505,53541,266256,8625,477107,376315,359000,38429,43940,37068,3389,131473,7182,8427,4852,65492,1577,222,3733,2234,9531,1451,15729,3718,1576,166,3080,776,114,1111,1064,1603,321,239,46,289,349,777,220,55,96,44,85,1209,421,25,208,71,112,43,84,38,6,59,34,15,3,85,5,361,290,31,1,19,11,9,16,16,15982378,2682715,13299663,13062709,10458509,2264268,42358,261693,6887,28994,236954,224720,30404,40367,34214,2773,33005,6586,7977,4554,52779,1304,157,743,2131,7255,471,11089,2799,1327,130,1873,644,98,518,982,992,85,202,43,178,317,651,117,39,22,19,53,863,359,17,103,65,79,19,63,16,4,37,19,9,1,70,2,275,230,23,1,7,6,8,7,7
uPL,GA,South,South_Atlantic,0,1,1,8186453,8072265,5327281,2349542,21737,173170,4246,196289,114188,106506,18367,19232,13643,1030,26324,5567,3591,941,9776,937,69,1342,1000,4115,572,6608,2316,473,57,1019,334,54,442,523,386,54,127,33,174,270,181,68,33,32,2,30,706,224,10,79,36,30,6,53,5,6,63,23,11,3,153,4,341,236,18,3,20,20,44,27,27,8186453,435227,7751226,7663862,5128661,2331465,17670,171513,3278,11275,87364,80963,17161,18255,13156,936,9754,5289,3386,872,6468,809,59,352,946,3380,140,5556,2097,431,51,774,300,51,264,491,296,34,116,24,154,239,141,33,26,14,0,20,560,193,9,51,23,16,3,41,4,4,52,20,10,2,128,4,267,201,11,3,16,14,22,18,18
uPL,HI,West,Pacific,0,1,1,1211537,952194,294102,22003,3535,503868,113539,15147,259343,175252,2289,5953,55028,31485,7728,645,1936,1330,532,1473,1259,225,57647,5671,2051,71969,795,452,353,146,2501,1164,259,55189,3628,3202,216,82,35,717,75,62,1248,74,61,1710,11356,313,121,38,524,27,50,3767,138,104,6047,117,10,6,41,53,736,283,28,4,76,338,7,30,30,1211537,87699,1123838,905138,277091,20829,2539,494149,108441,2089,218700,151840,2051,4959,49489,28432,4520,567,1793,1202,203,1005,1045,61,52034,3285,1194,58649,663,360,275,78,1739,895,129,47080,2446,2489,164,60,20,598,45,23,820,13,38,714,7778,251,93,23,396,14,30,2429,67,56,4283,90,6,0,24,16,413,182,11,3,39,175,3,20,20
uPL,ID,West,Mountain,0,1,1,1293953,1268344,1177304,5456,17645,11889,1308,54742,25609,24265,1725,8112,3929,673,8094,158,79,12,222,143,42,425,254,320,77,1203,231,31,0,60,127,28,176,267,171,46,4,4,2,19,9,0,13,6,2,7,85,27,4,11,10,2,3,14,4,1,7,1,1,0,0,0,56,55,1,0,0,0,0,0,0,1293953,101690,1192263,1174002,1139291,4889,15789,11641,1200,1192,18261,17269,1574,7288,3753,620,3018,135,64,12,83,111,35,120,243,185,28,898,194,27,0,49,100,24,109,251,82,25,4,1,2,7,4,0,12,2,0,5,52,21,1,6,5,1,0,10,1,0,5,1,1,0,0,0,42,41,1,0,0,0,0,0,0
uPL,IL,Midwest,East_North_Central,0,1,1,12419293,12184277,9125471,1876875,31006,423603,4610,722712,235016,223969,32903,24787,30451,1716,97454,6281,3098,526,10140,1830,79,2538,2084,8661,1421,10116,3921,587,60,1641,485,78,842,553,913,91,184,23,209,104,230,42,32,65,11,45,720,303,22,174,51,36,8,37,19,1,18,22,4,0,21,4,180,142,22,2,7,5,2,31,31,12419293,1530262,10889031,10735035,8424140,1856152,18232,419916,3116,13479,153996,145660,29775,21633,29065,1533,38115,5875,2937,483,5288,1598,51,390,1994,6786,137,7694,3359,510,52,1102,388,71,318,512,659,35,151,17,127,89,184,18,28,38,2,34,498,241,11,99,36,27,2,29,5,0,10,16,3,0,18,1,125,97,18,1,4,3,2,19,19
uPL,IN,Midwest,East_North_Central,0,1,1,6080485,6004813,5320022,510034,15815,59126,2005,97811,75672,71132,19187,18053,9131,843,15756,1883,959,156,2432,298,30,458,512,1291,143,4119,1659,219,29,806,209,28,296,281,214,36,99,9,67,50,70,11,10,14,2,10,318,106,9,65,32,16,1,26,16,0,32,8,1,0,6,0,80,71,5,0,1,2,1,23,23,6080485,214536,5865949,5804834,5219373,505462,13654,58424,1573,6348,61115,57315,18526,17140,8842,784,5990,1797,896,143,1221,248,18,164,486,1038,22,3468,1509,206,29,668,161,24,186,241,158,16,84,7,59,43,55,5,5,4,0,8,238,82,6,53,28,16,0,13,10,0,21,4,1,0,4,0,71,65,4,0,0,2,0,23,23
uPL,IA,Midwest,West_North_Central,0,1,1,2926324,2894546,2748640,61853,8989,36635,1009,37420,31778,29959,7856,7075,4369,468,7049,577,266,46,634,198,24,299,275,750,73,1676,697,89,9,301,99,15,103,155,108,18,13,2,15,9,19,6,5,5,1,7,95,35,4,17,6,5,0,11,5,4,3,4,1,0,0,0,46,33,6,1,0,0,6,2,2,2926324,82473,2843851,2818379,2710344,60744,7955,36345,888,2103,25472,23962,7556,6578,4261,444,2693,534,245,38,410,174,20,77,270,634,28,1395,630,80,8,238,86,14,50,137,73,16,13,2,10,9,15,4,3,0,0,7,73,33,4,9,5,5,0,8,2,0,2,4,1,0,0,0,40,33,1,0,0,0,6,2,2
uPL,KS,Midwest,West_North_Central,0,1,1,2688418,2631922,2313944,154198,24936,46806,1313,90725,56496,53344,9970,17539,5781,613,12631,1951,661,132,1514,242,41,581,433,1104,151,2929,1213,176,19,401,173,33,325,197,155,29,53,5,51,20,34,11,12,11,4,7,175,89,5,28,16,3,5,10,3,1,5,6,2,0,1,1,45,42,1,0,0,2,0,3,3,2688418,188252,2500166,2457658,2233997,151407,22322,46301,1154,2477,42508,40027,9410,16472,5572,549,3115,1787,638,123,663,215,29,149,402,864,39,2307,1060,158,17,280,154,31,171,182,92,11,47,4,40,15,20,7,8,4,1,5,136,75,4,18,16,1,0,9,1,0,3,6,2,0,0,1,35,32,1,0,0,2,0,3,3
uPL,KY,South,East_South_Central,0,1,1,4041769,3999326,3640889,295994,8616,29744,1460,22623,42443,39863,11084,12842,4728,633,6166,1174,571,141,1126,174,30,233,251,592,118,2282,831,137,22,433,146,22,163,208,147,13,25,5,33,43,17,10,14,3,1,9,196,61,7,36,12,3,0,21,8,1,28,8,0,0,10,1,95,71,8,1,5,7,3,7,7,4041769,59939,3981830,3944080,3608013,293639,7939,29368,1275,3846,37750,35537,10848,12478,4581,583,3511,1125,544,130,741,149,27,91,241,462,26,1987,755,130,22,390,115,20,129,186,110,6,22,5,24,33,16,6,9,1,1,7,140,55,5,22,5,3,0,10,3,1,22,7,0,0,7,0,80,64,6,0,3,6,1,6,6
uPL,LA,South,West_South_Central,0,1,1,4468976,4420711,2856161,1451944,25477,54758,1240,31131,48265,44657,7099,11666,5345,466,11212,2675,1133,270,2504,335,28,450,349,974,151,3077,1213,161,20,391,181,9,245,179,192,17,51,6,99,158,94,14,20,14,2,11,387,79,6,127,31,15,1,19,2,0,9,22,3,0,65,8,128,100,8,2,3,8,7,16,16,4468976,107738,4361238,4321978,2794391,1443390,24129,54256,1076,4736,39260,36313,6737,11026,5081,416,5924,2546,1045,240,1596,310,25,233,338,773,23,2543,1071,131,14,338,157,9,177,155,126,5,48,6,73,125,75,7,16,3,0,7,275,53,6,79,15,12,0,16,1,0,8,21,2,0,54,8,118,93,7,0,3,8,7,11,11
uPL,ME,Northeast,New_England,0,1,1,1274923,1262276,1236014,6760,7098,9111,382,2911,12647,11987,1914,5387,2054,182,1598,115,87,19,245,47,11,65,68,183,12,590,216,42,5,71,62,2,64,54,38,3,4,0,13,2,2,4,2,5,0,1,39,18,0,4,0,0,1,12,1,0,3,0,0,0,0,0,31,28,2,0,1,0,0,0,0,1274923,9360,1265563,1253832,1230297,6440,6911,9014,334,836,11731,11151,1819,5302,2023,173,1151,108,73,11,186,40,11,40,64,148,2,524,192,40,3,67,56,2,52,49,33,2,4,0,13,0,1,4,2,3,0,1,32,17,0,1,0,0,0,12,0,0,2,0,0,0,0,0,24,22,1,0,1,0,0,0,0
uPL,MD,South,South_Atlantic,0,1,1,5296486,5192899,3391308,1477411,15423,210929,2303,95525,103587,95262,19270,10388,15660,793,20812,6488,3330,840,10920,855,70,796,930,3827,283,7542,3711,613,47,953,281,32,268,347,451,45,175,25,180,95,200,45,12,29,2,31,606,324,17,116,19,15,5,23,7,0,17,15,22,2,24,0,157,131,20,0,1,3,2,20,20,5296486,227916,5068570,4985624,3286547,1464735,13312,209738,1913,9379,82946,75921,18056,9448,15159,719,8858,6219,3192,796,8074,768,55,267,895,3314,101,6399,3347,574,42,717,235,27,129,306,352,27,154,25,147,84,162,20,9,15,1,26,477,274,17,72,14,9,3,22,2,0,15,15,17,0,17,0,136,116,14,0,1,3,2,13,13
uPL,MA,Northeast,New_England,0,1,1,6349097,6203092,5367286,343454,15015,238124,2489,236724,146005,138177,19459,12754,15769,1664,48948,3747,1469,915,23362,727,68,1330,1084,5395,1486,7142,2640,313,41,1695,254,42,415,300,476,116,100,11,284,56,178,128,15,38,7,33,546,218,21,165,8,28,11,22,6,3,18,8,13,3,17,5,133,117,7,0,1,5,3,7,7,6349097,428729,5920368,5810030,5198359,318329,11264,236786,1706,43586,110338,104376,15674,11841,15388,1527,28996,3424,1348,831,18177,652,39,416,1062,4641,360,5438,2158,265,38,1113,227,40,229,283,382,68,87,10,222,34,143,91,10,13,4,21,414,186,12,119,4,16,11,18,5,2,10,5,11,0,15,0,103,88,6,0,1,5,3,7,7
uPL,MI,Midwest,East_North_Central,0,1,1,9938444,9746028,7966053,1412742,58479,176510,2692,129552,192416,180824,35461,47122,20599,1497,51880,8436,2360,453,6138,954,83,1062,936,3625,218,10702,5737,490,51,1192,502,66,716,511,540,38,153,35,223,137,170,44,29,28,5,35,616,286,31,99,30,26,2,45,12,5,22,20,8,1,26,3,253,220,13,2,2,12,4,21,21,9938444,323877,9614567,9451080,7806691,1402047,53421,175311,2145,11465,163487,153652,33978,44213,19998,1383,34344,8112,2256,410,3476,866,63,434,901,3154,64,9140,5231,449,45,903,444,57,418,469,443,21,142,25,159,109,139,29,19,12,0,26,494,255,28,77,25,15,0,42,2,3,12,3,7,1,24,0,191,169,6,0,1,11,4,10,10
uPL,MN,Midwest,West_North_Central,0,1,1,4919479,4836737,4400282,171731,54967,141968,1979,65810,82742,77732,17700,18793,11966,852,12015,2413,1057,191,6054,812,50,675,1920,3091,143,4636,2431,300,27,536,216,39,191,361,232,23,50,3,50,26,42,33,33,20,6,17,290,133,14,52,21,11,2,24,6,2,12,7,2,1,1,2,79,71,6,0,2,0,0,5,5,4919479,143382,4776097,4705793,4337143,168813,52009,141083,1714,5031,70304,66159,16740,17589,11705,784,4625,2250,1002,177,5387,772,39,267,1905,2865,52,3844,2105,275,25,381,181,36,92,346,171,11,44,2,35,20,31,31,29,18,3,8,234,111,13,39,19,8,2,20,4,0,7,7,2,0,1,1,62,58,2,0,2,0,0,5,5
uPL,MS,South,East_South_Central,0,1,1,2844658,2824637,1746099,1033809,11652,18626,667,13784,20021,18382,3462,5259,2402,287,2885,1372,802,230,785,131,13,186,169,344,55,1348,456,75,9,175,78,6,98,79,45,11,27,6,27,133,66,21,13,14,0,9,182,66,4,14,8,4,3,18,1,1,12,9,0,0,41,1,89,56,13,1,6,5,8,20,20,2844658,39569,2805089,2787817,1727908,1028473,11224,18349,569,1294,17272,15903,3345,5062,2296,274,1525,1341,697,197,517,111,11,86,159,266,16,1146,413,60,9,163,62,5,78,66,36,8,19,5,26,107,55,8,12,7,0,7,151,57,2,13,8,4,3,16,1,0,9,4,0,0,33,1,52,38,2,0,6,4,2,20,20
uPL,MO,Midwest,West_North_Central,0,1,1,5595211,5513150,4748083,629391,25076,61595,3178,45827,82061,77339,15566,27998,9387,1192,12957,3161,1109,243,2678,271,57,507,920,1166,127,4204,1656,222,34,575,293,46,421,356,196,45,71,11,74,77,60,11,22,10,1,23,359,124,11,68,23,5,3,34,16,2,20,5,5,0,37,6,142,119,8,2,6,2,5,17,17,5595211,118592,5476619,5404714,4686474,625667,23302,61041,2939,5291,71905,67825,15087,26939,9104,1135,6955,3020,1056,223,1943,226,46,201,887,950,53,3681,1527,208,31,485,277,39,308,326,158,24,67,11,57,68,52,8,13,5,1,16,296,116,9,59,12,4,1,27,5,2,14,3,4,0,35,5,92,79,4,2,1,1,5,11,11
uPL,MT,West,Mountain,0,1,1,902195,886465,817229,2692,56068,4691,470,5315,15730,15003,1016,9116,1710,268,1945,300,40,7,50,117,34,196,91,95,18,654,203,31,0,30,96,15,96,114,35,5,2,0,13,0,3,1,3,6,0,1,47,14,2,5,2,1,0,5,2,0,12,3,1,0,0,0,26,22,0,0,3,1,0,0,0,902195,18081,884114,870346,807823,2534,54426,4569,425,569,13768,13198,945,8624,1648,256,1010,273,34,7,22,107,29,85,85,62,11,515,168,29,0,23,86,14,49,102,23,3,1,0,9,0,3,0,3,1,0,1,37,11,2,2,2,1,0,4,2,0,12,1,0,0,0,0,18,17,0,0,0,1,0,0,0
uPL,NE,Midwest,West_North_Central,0,1,1,1711263,1687310,1533261,68541,14896,21931,836,47845,23953,22591,4651,5285,3344,310,6057,704,302,50,669,113,15,356,181,461,93,1248,482,59,9,201,73,6,117,107,77,16,10,2,31,19,16,1,7,10,2,3,71,15,0,18,5,1,0,14,1,0,12,4,0,0,0,1,39,35,3,0,1,0,0,4,4,1711263,94425,1616838,1599142,1494494,67537,13460,21677,647,1327,17696,16617,4465,4770,3228,284,1717,641,278,47,438,97,14,92,171,338,37,989,421,56,6,172,61,4,62,91,42,8,10,2,21,5,13,0,7,5,0,3,53,13,0,13,5,0,0,6,1,0,11,4,0,0,0,0,33,31,2,0,0,0,0,4,4
uPL,NV,West,Mountain,0,1,1,1998257,1921829,1501886,135477,26420,90266,8426,159354,76428,70693,7680,10740,12013,2112,26202,1243,1259,276,2248,422,123,914,2522,2513,426,5250,888,269,42,529,382,80,452,1549,467,117,62,11,67,57,80,17,40,25,11,105,398,78,11,41,39,18,4,91,17,3,70,5,9,0,11,1,73,68,2,1,1,0,1,14,14,1998257,393970,1604287,1555056,1303001,131509,21397,88593,7769,2787,49231,44904,6895,9219,11185,1931,7170,1164,1165,263,1107,334,84,201,2308,1704,174,3970,757,222,41,337,278,66,207,1343,320,68,43,10,58,43,62,11,25,10,6,63,290,67,10,27,28,7,2,71,7,2,50,3,9,0,6,1,61,58,1,1,0,0,1,6,6
uPL,NH,Northeast,New_England,0,1,1,1235786,1222572,1186851,9035,2964,15931,371,7420,13214,12427,2086,4107,2435,167,2526,154,111,14,289,69,5,81,63,294,26,688,279,37,1,100,52,3,55,69,58,4,6,0,5,2,6,1,1,8,0,1,64,30,7,16,3,0,0,5,2,0,0,0,1,0,0,0,35,33,1,0,0,0,1,0,0,1235786,20489,1215297,1203691,1175252,8354,2698,15803,330,1254,11606,10927,1937,3992,2395,159,1584,141,96,12,170,63,4,45,61,266,2,593,250,34,1,73,50,2,47,63,53,3,6,0,2,2,4,1,1,0,0,1,55,30,0,15,2,0,0,5,2,0,0,0,1,0,0,0,31,29,1,0,0,0,1,0,0
uPL,NJ,Northeast,Middle_Atlantic,0,1,1,8414350,8200595,6104705,1141821,19492,480276,3329,450972,213755,203207,23611,11428,22701,1261,88184,7167,3784,1397,25831,2338,78,2501,1293,10243,1390,9507,3715,674,71,1677,276,36,502,320,880,140,176,61,292,95,291,107,29,84,15,66,776,417,26,164,36,39,10,24,7,3,17,8,6,8,8,3,235,178,31,0,17,7,2,30,30,8414350,1117191,7297159,7163470,5557209,1096171,11338,477012,2175,19565,133689,126411,18066,9760,21700,1008,35669,6538,3482,1307,16291,2067,40,455,1268,8513,247,6534,2852,555,57,837,235,35,144,286,647,36,138,45,187,78,232,70,19,32,1,48,535,349,17,55,28,30,5,16,4,1,11,5,4,3,5,2,193,148,26,0,11,6,2,16,16
uPL,NM,West,Mountain,0,1,1,1819046,1752719,1214253,34343,173483,19255,1503,309882,66327,63377,3568,11567,4185,451,35391,1060,327,36,1719,298,92,3006,297,1144,236,2703,700,62,9,229,178,18,692,213,324,47,25,2,80,10,33,4,7,44,7,19,170,57,2,43,6,5,1,17,9,2,11,2,4,1,7,3,70,57,11,0,1,0,1,7,7,1819046,765386,1053660,1027867,813495,30654,161460,18257,992,3009,25793,24168,2825,8501,3574,359,5589,912,286,27,315,204,69,796,248,428,35,1479,500,45,8,110,112,13,264,169,133,8,22,1,44,8,16,2,4,13,3,4,106,46,1,19,6,4,0,12,4,1,5,0,0,1,7,0,40,31,7,0,1,0,1,0,0
uPL,NY,Northeast,Middle_Atlantic,0,1,1,18976457,18386275,12893689,3014385,82461,1044976,8818,1341946,590182,559491,61887,31114,47061,3063,213842,20500,12984,5088,94969,9036,395,11066,3246,40639,4601,27676,9942,1698,151,5234,574,65,1340,683,2296,355,619,99,1183,305,1875,440,70,530,59,158,2333,1147,39,468,90,211,27,71,42,5,62,38,42,25,57,9,618,464,89,1,40,20,4,64,64,18976457,2867583,16108874,15742758,11760981,2812623,52499,1035926,5230,75499,366116,346569,43587,26361,44430,2522,87077,17534,11979,4638,56831,8278,192,3369,3155,35562,1054,17518,6781,1326,123,2290,450,52,400,613,1658,107,490,60,538,277,1633,248,39,330,6,97,1533,934,22,141,77,137,4,57,14,0,37,30,27,6,44,3,459,361,61,1,22,14,0,37,37
uPL,NC,South,South_Atlantic,0,1,1,8049313,7946053,5804656,1737545,99551,113689,3983,186629,103260,96203,18690,19403,12046,1069,22414,6088,2430,594,5876,773,161,1605,909,3676,469,6326,2469,372,46,1012,274,56,459,508,413,61,119,22,131,133,129,18,19,31,7,47,478,165,19,58,41,14,4,49,6,5,49,14,2,1,46,5,232,198,14,0,9,8,3,21,21,8049313,378963,7670350,7590385,5647155,1723301,95333,112416,3165,9015,79965,74109,17331,18532,11642,956,8428,5822,2304,552,3270,663,132,577,861,2943,96,5322,2239,332,42,824,246,53,269,461,291,30,112,21,106,122,93,14,14,17,5,31,359,136,17,41,26,9,4,45,2,4,33,1,2,1,37,1,162,143,11,0,2,3,3,13,13
uPL,ND,Midwest,West_North_Central,0,1,1,642200,634802,593181,3916,31329,3606,230,2540,7398,7037,812,3368,980,93,1142,150,69,20,168,61,17,65,36,54,2,325,143,35,6,14,26,3,23,38,17,1,5,0,1,4,1,0,3,0,3,2,30,14,2,4,1,1,0,5,0,0,3,0,0,0,0,0,5,5,0,0,0,0,0,1,1,642200,7786,634414,627748,589149,3761,30772,3566,218,282,6666,6362,787,3257,946,91,755,140,61,20,139,56,17,27,34,32,0,287,126,34,6,12,21,2,21,37,12,1,5,0,0,1,1,0,3,0,3,2,12,3,0,0,1,0,0,5,0,0,3,0,0,0,0,0,4,4,0,0,0,0,0,1,1
uPL,OH,Midwest,East_North_Central,0,1,1,11353140,11195255,9645453,1301307,24486,132633,2749,88627,157885,146556,43903,34561,17966,1256,25854,7673,2250,446,7649,554,70,804,939,2381,250,10401,5778,547,73,1383,373,53,532,478,388,50,151,21,180,125,160,29,27,26,9,18,713,337,31,133,28,30,2,29,16,0,49,14,7,2,34,1,193,158,14,0,8,7,6,22,22,11353140,217123,11136017,10998247,9538111,1290662,21985,131670,2336,13483,137770,127845,42340,33088,17544,1159,14648,7305,2132,413,5417,494,60,296,898,1990,61,9186,5373,493,62,1103,327,45,393,445,322,28,128,17,141,108,133,20,14,15,4,15,571,293,19,105,22,22,2,19,12,0,33,14,5,0,25,0,154,124,11,0,8,5,6,14,14
uPL,OK,South,West_South_Central,0,1,1,3450654,3294669,2628434,260968,273230,46767,2372,82898,155985,149975,10116,104230,7128,822,13690,7566,813,164,1485,683,174,1411,556,972,165,5612,2477,164,41,369,523,84,964,373,225,30,75,11,108,36,40,17,35,27,2,11,275,59,6,85,14,11,4,44,10,4,11,17,0,0,6,4,112,87,3,4,3,9,6,11,11,3450654,179304,3271350,3131101,2556368,257981,266158,46172,2100,2322,140249,135267,9644,101501,6884,747,4915,7289,754,142,742,617,150,585,536,712,49,4682,2258,148,33,279,504,74,618,329,154,16,69,9,65,30,33,10,28,17,1,7,214,45,4,70,9,7,4,36,8,3,6,13,0,0,6,3,75,59,1,4,3,3,5,11,11
uPL,OR,West,Pacific,0,1,1,3421399,3316654,2961623,55662,45211,101350,7976,144832,104745,97551,10111,32794,16957,2784,24590,1357,683,160,1530,541,209,1417,2026,1985,407,6531,1703,300,57,422,728,179,746,1488,446,104,52,5,49,30,40,11,87,24,9,51,470,121,34,70,29,12,0,104,13,5,57,12,6,1,2,4,179,160,5,2,7,5,0,14,14,3421399,275314,3146085,3063352,2857616,53325,40130,100333,7398,4550,82733,77006,9433,30356,16331,2664,10628,1238,647,143,874,475,179,287,1921,1580,250,5270,1439,281,51,263,628,154,419,1381,326,63,48,5,34,25,28,10,69,15,1,30,324,101,25,41,17,9,0,67,7,3,36,10,5,1,1,1,126,115,2,0,6,3,0,7,7
uPL,PA,Northeast,Middle_Atlantic,0,1,1,12281054,12138830,10484203,1224612,18348,219813,3417,188437,142224,132609,35533,18962,16933,1343,30643,7211,2486,911,10469,1016,76,919,1126,4346,635,8574,4186,481,54,1549,256,72,284,391,449,85,183,13,192,82,163,49,19,23,8,35,740,280,25,206,46,45,4,38,10,5,30,14,7,2,24,4,263,224,19,0,10,5,5,38,38,12281054,394088,11886966,11773869,10322455,1202437,14904,218296,2691,13086,113097,105334,32675,17840,16436,1235,15083,6751,2336,843,5963,926,51,302,1104,3719,70,6974,3602,443,51,1090,236,67,174,351,356,36,161,8,123,68,133,28,12,14,2,19,531,247,20,83,38,34,4,32,6,4,26,11,6,1,19,0,229,198,16,0,10,2,3,29,29
uPL,PR,South,South_Atlantic,0,1,1,3808610,3650195,3064862,302933,13336,7960,1093,260011,158415,146453,88324,1255,1533,410,31963,1378,574,156,11879,1156,46,3701,52,3239,787,11071,4557,1608,41,3458,59,4,246,35,253,72,35,10,178,23,244,29,7,189,8,15,833,43,8,576,9,150,9,2,5,0,11,10,9,0,0,1,48,32,2,1,6,3,4,10,10,3808610,3762746,45864,43218,33966,5064,563,2875,365,385,2646,2489,634,82,477,36,765,38,41,15,177,84,4,34,13,83,6,135,37,8,2,15,13,0,5,8,26,3,1,2,3,3,1,0,1,3,0,4,5,1,0,1,0,0,0,1,0,0,0,1,1,0,0,0,17,13,0,0,0,0,4,0,0
uPL,RI,Northeast,New_England,0,1,1,1048319,1020068,891191,46908,5121,23665,567,52616,28251,26476,3712,2532,2328,295,9045,1444,196,114,4291,170,6,440,202,1315,386,1657,583,55,12,424,45,8,103,70,93,26,23,3,130,3,26,24,5,8,4,12,101,23,3,36,7,6,1,12,1,2,0,1,4,2,3,0,16,13,2,0,1,0,0,1,1,1048319,90820,957499,936683,858433,41922,4181,23416,320,8411,20816,19393,3074,2375,2243,266,5038,1345,182,84,3031,136,6,178,191,1093,151,1331,508,46,10,300,37,7,76,64,78,11,21,1,117,3,16,20,3,2,2,9,81,19,3,29,6,4,0,8,1,2,0,1,4,2,2,0,10,7,2,0,1,0,0,1,1
uPL,SC,South,South_Atlantic,0,1,1,4012012,3972062,2695560,1185216,13718,36014,1628,39926,39950,36941,7890,8841,4837,533,7013,2284,1226,304,1738,244,42,532,344,958,155,2558,983,137,13,385,128,25,141,209,110,29,76,7,47,118,65,20,15,24,10,16,279,85,8,31,24,9,0,16,2,2,31,26,2,0,39,4,146,115,12,0,9,4,6,26,26,4012012,95076,3916936,3883646,2652291,1178486,12765,35568,1270,3266,33290,30697,7585,8542,4661,495,3425,2203,1134,259,937,212,25,163,321,684,51,2215,909,125,12,335,108,24,114,186,96,11,62,7,36,101,50,12,9,9,0,9,232,80,8,24,23,3,0,13,1,2,20,25,1,0,31,1,125,99,12,0,9,2,3,21,21
uPL,SD,Midwest,West_North_Central,0,1,1,754844,744688,669404,4685,62283,4378,261,3677,10156,9708,1173,5181,1162,94,1162,289,66,6,201,95,38,104,66,66,5,418,174,23,1,34,33,2,47,50,33,1,5,1,2,1,0,1,4,0,6,0,24,8,1,2,7,1,0,0,0,0,5,0,0,0,0,0,2,2,0,0,0,0,0,4,4,754844,10903,743941,734981,664585,4563,60988,4316,219,310,8960,8572,1124,4906,1139,89,551,259,63,6,172,82,34,36,65,46,0,360,152,18,0,30,29,1,38,48,27,0,5,0,1,1,0,1,4,0,5,0,22,8,1,1,7,0,0,0,0,0,5,0,0,0,0,0,2,2,0,0,0,0,0,4,4
uPL,TN,South,East_South_Central,0,1,1,5689283,5626174,4563310,932809,15152,56662,2205,56036,63109,59476,12273,19006,7793,808,11056,2149,1038,243,2421,303,37,461,396,1289,203,3254,1106,173,15,564,205,42,294,271,250,45,50,1,63,55,65,17,10,12,7,9,266,90,12,26,15,19,3,29,7,1,30,7,5,0,20,2,106,89,9,0,2,3,3,7,7,5689283,123838,5565445,5510621,4505930,928204,13820,56077,1810,4780,54824,51659,11805,18408,7565,744,6205,2070,957,226,1749,263,18,169,375,1046,59,2862,1039,159,15,495,189,33,227,257,203,32,37,1,54,42,47,13,8,5,0,6,210,87,6,20,12,11,1,23,6,1,24,2,3,0,14,0,90,80,5,0,2,1,2,3,3
uPL,TX,South,West_South_Central,0,1,1,20851820,20337187,14799505,2404566,118362,562319,14434,2438001,514633,494972,40094,67407,44486,3498,267739,7563,5348,1137,23062,2847,228,8579,3418,17067,2499,17564,4446,1007,116,2551,992,137,2457,1462,2207,378,215,28,355,297,415,91,73,144,40,153,1458,500,33,274,93,63,18,132,71,10,92,38,16,19,90,9,573,453,68,0,15,17,20,66,66,20851820,6669666,14182154,13951587,10933313,2364255,68859,554445,10757,19958,230567,217435,34828,57684,40487,2879,40353,6848,4931,1046,9745,2104,129,1346,3196,11436,423,11712,3516,852,93,1556,738,100,1079,1282,1162,109,182,22,224,275,306,57,51,25,5,78,955,396,27,123,76,33,10,101,17,5,49,24,10,13,68,3,427,341,48,0,7,15,16,38,38
uPL,UT,West,Mountain,0,1,1,2233169,2185974,1992975,17657,29684,37108,15145,93405,47195,44560,4188,7917,7550,3316,15994,388,293,154,821,210,179,962,790,1206,592,2410,360,86,26,197,157,74,273,764,252,99,10,6,17,22,10,4,25,7,9,12,170,33,8,24,18,4,1,34,13,1,29,2,0,1,1,1,50,40,1,0,5,4,0,5,5,2233169,201559,2031610,2000302,1904265,16137,26663,36483,14806,1948,31308,29326,3819,6813,7216,3195,4587,341,259,149,342,161,160,208,758,917,401,1838,291,80,23,125,116,64,107,719,157,65,8,5,14,20,7,4,22,0,8,3,118,31,8,15,15,1,0,20,6,0,19,2,0,0,0,1,24,21,1,0,0,2,0,2,2
uPL,VT,Northeast,New_England,0,1,1,608827,601492,589208,3063,2420,5217,141,1443,7335,6938,922,3484,1061,75,943,97,38,8,69,21,2,55,29,126,8,354,198,33,1,16,28,2,44,8,11,2,1,0,4,2,3,0,1,0,0,0,21,13,0,0,2,0,0,3,1,0,2,0,0,0,0,0,22,22,0,0,0,0,0,0,0,608827,5504,603323,596514,585431,2921,2325,5160,120,557,6809,6474,872,3395,1043,70,700,87,36,8,52,21,2,38,28,117,5,304,166,33,1,13,28,1,36,8,9,0,1,0,4,1,2,0,1,0,0,0,19,12,0,0,2,0,0,2,1,0,2,0,0,0,0,0,12,12,0,0,0,0,0,0,0
uPL,VA,South,South_Atlantic,0,1,1,7078515,6935446,5120110,1390293,21172,261025,3946,138900,143069,133369,24537,17671,27827,1547,33137,6261,3790,629,8628,936,62,950,1783,5237,374,8704,3600,683,55,1117,462,53,420,690,699,61,172,38,170,150,173,52,27,24,8,50,764,338,25,125,43,44,7,68,14,6,43,25,3,2,19,2,221,189,13,0,2,4,13,11,11,7078515,329540,6748975,6634953,4965637,1376378,18596,259277,3380,11685,114022,106004,23061,16448,26909,1424,15217,5962,3613,585,5405,828,55,273,1722,4417,85,7258,3196,619,51,873,392,50,247,614,529,21,152,31,130,130,125,33,13,12,2,38,577,292,24,69,31,25,2,52,7,2,38,16,1,0,17,1,176,153,8,0,2,3,10,7,7
uPL,WA,West,Pacific,0,1,1,5894121,5680602,4821823,190267,93301,322335,23953,228923,213519,196689,26234,47795,45963,6170,39593,3790,3789,631,5157,2204,500,2158,5559,6360,786,15231,3991,1231,187,1146,1799,320,1019,3060,1121,188,298,42,145,150,131,32,141,61,18,151,1273,500,73,120,90,34,1,243,49,11,96,21,8,5,11,11,301,261,15,1,9,12,3,25,25,5894121,441509,5452612,5276686,4652490,184631,85396,319401,22779,11989,175926,162122,24651,44291,44150,5823,18118,3428,3633,590,3510,1936,425,759,5309,5105,394,12540,3455,1117,175,822,1555,285,589,2768,737,115,252,36,104,138,98,23,117,44,11,99,1012,444,66,82,72,16,1,187,29,8,71,16,5,0,11,4,243,209,13,0,9,9,3,9,9
uPL,WV,South,South_Atlantic,0,1,1,1808344,1792556,1718777,57232,3606,9434,400,3107,15788,14846,4159,5966,1704,214,1690,367,142,27,228,35,9,52,66,167,20,851,368,51,2,123,44,10,82,66,40,7,16,0,7,10,9,1,1,0,0,14,67,31,2,15,2,0,0,5,3,0,8,1,0,0,0,0,23,18,2,0,0,0,3,1,1,1808344,12279,1796065,1781082,1709966,56825,3456,9356,335,1144,14983,14095,4105,5874,1659,200,1261,360,139,18,176,33,6,38,62,156,8,809,361,48,2,120,41,10,72,65,35,4,15,0,6,9,8,1,1,0,0,11,61,30,2,15,2,0,0,2,1,0,8,1,0,0,0,0,17,13,1,0,0,0,3,1,1
uPL,WI,Midwest,East_North_Central,0,1,1,5363675,5296780,4769857,304460,47228,88763,1630,84842,66895,62793,14437,16157,8484,688,14068,2003,600,82,1860,610,56,597,1104,1946,101,3759,1816,172,21,534,161,23,264,315,153,27,52,6,81,15,40,25,29,10,0,15,235,112,7,35,27,13,0,19,8,1,7,1,1,0,2,2,85,78,1,1,1,4,0,23,23,5363675,192921,5170754,5118833,4681630,300245,43980,87995,1346,3637,51921,48687,13587,15009,8217,648,4227,1864,572,73,844,568,51,175,1090,1738,24,3006,1578,161,20,348,131,22,117,299,107,12,49,3,52,13,37,19,29,2,0,7,152,87,5,14,15,4,0,14,3,1,6,0,0,0,1,2,67,61,0,1,1,4,0,9,9
uPL,WY,West,Mountain,0,1,1,493782,484899,454670,3722,11133,2771,302,12301,8883,8476,739,3289,934,141,2737,86,44,5,102,34,11,192,49,102,11,383,97,10,0,32,44,4,91,59,28,3,2,0,3,0,0,1,7,0,0,2,12,2,2,0,3,0,1,0,3,0,1,0,0,0,0,0,12,12,0,0,0,0,0,0,0,493782,31669,462113,455949,438799,3504,10238,2670,264,474,6164,5869,669,2944,871,136,916,67,41,5,24,27,10,59,46,49,5,276,81,10,0,23,36,2,44,48,20,3,2,0,1,0,0,1,4,0,0,1,10,1,2,0,3,0,0,0,3,0,1,0,0,0,0,0,9,9,0,0,0,0,0,0,0
